{
  "created_at": "2025-08-22T15:30:54.486497+00:00",
  "objective": "multi",
  "selection": {
    "dd_cap_pct": 0.03,
    "best_trial": 320,
    "top_k": 3,
    "top_trials": [
      320,
      223,
      213
    ]
  },
  "train_bars": 1131000,
  "test_bars": 484544,
  "train_metrics": {
    "pnl": 1352.9519093199951,
    "return_pct": 0.06764759546599985,
    "trades": 357,
    "win_rate": 0.33053221288515405,
    "avg_trade": 3.789781258599426,
    "avg_trade_pct": 0.0001838895052540651,
    "max_drawdown": -128.97911342999942,
    "max_drawdown_pct": -0.006107162081131598,
    "final_equity": 21352.951909319996,
    "wins": 118,
    "losses": 239
  },
  "test_metrics": {
    "pnl": 736.1370749400029,
    "return_pct": 0.03680685374700032,
    "trades": 140,
    "win_rate": 0.35714285714285715,
    "avg_trade": 5.258121963857164,
    "avg_trade_pct": 0.0002589018759711944,
    "max_drawdown": -70.57393216999844,
    "max_drawdown_pct": -0.003428281435992164,
    "final_equity": 20736.137074940005,
    "wins": 50,
    "losses": 90
  },
  "params": {
    "p_sma": 10,
    "rsi_required": true,
    "rsi_period": 14,
    "edge_k": 1.003592410728256,
    "spread_hl_frac": 0.0045192986884449535,
    "strategy": "mean_reversion",
    "tsl_mult": 0.0671843590471604,
    "p_adx": 16,
    "rsi_ob": 66,
    "p_atr": 29,
    "bb_std_mult": 0.6286495371954837,
    "rsi_os": 14,
    "use_ema": false,
    "slip_spread_k": 0.6530202246999827,
    "atr_max_pct": 0.09455493003505208,
    "use_spike": true,
    "ema2": 44,
    "ema1": 26,
    "use_sma": false,
    "tp_mult": 2.8664087724900003,
    "use_adx": false,
    "p_std": 57,
    "time_stop": 149,
    "adx_thresh": 16.96955778034176,
    "vol_spike": 0.023600362398311737,
    "edge_cap": 0.5199632599806684,
    "atr_min_pct": 0.02454119658019962,
    "use_atr": false,
    "slip_atr_k": 0.004045089160466503,
    "fee": 0.0,
    "rsi_key": "rsi14",
    "start_equity": 20000.0,
    "risk_per_trade": 0.00135,
    "risk_stop_atr_mult": 1.0,
    "risk_min_stop_frac": 0.001,
    "daily_loss_limit_pct": 0.01,
    "cooldown_bars": 120,
    "fill_timing": "next_open",
    "bar_priority": "stop_first",
    "session_start": 0,
    "session_end": 24,
    "include_hours_set": "{16}",
    "max_consec_losses": 2,
    "lockout_bars": 60,
    "proba_temp": 1.0,
    "participation_cap": 0.1,
    "price_step": 0.0001,
    "qty_step": 0.0001,
    "min_notional": 5.0,
    "max_notional_pct_equity": 0.5,
    "sides": "short",
    "regime_adapt": true,
    "regime_fast": 50,
    "regime_slow": 200,
    "regime_band": 0.0,
    "round_exits": true,
    "stop_extra_slip": 0.0,
    "regime_overrides": {
      "bull": {
        "strategy": "mean_reversion",
        "bb_std_mult": 2.0169431746748376,
        "rsi_ob": 51,
        "rsi_os": 43,
        "tp_mult": 1.9194251920826044,
        "tsl_mult": 0.6891458682949287,
        "time_stop": 214,
        "use_ema": false,
        "use_adx": true,
        "use_atr": true,
        "rsi_required": false,
        "adx_thresh": 30.312193620918165,
        "atr_min_pct": 0.01765191613765407,
        "atr_max_pct": 0.05817423848665073
      },
      "sideways": {
        "strategy": "breakout",
        "bb_std_mult": 1.5828092896467827,
        "rsi_ob": 58,
        "rsi_os": 19,
        "tp_mult": 2.341879695778944,
        "tsl_mult": 0.651967765830165,
        "time_stop": 235,
        "use_ema": false,
        "use_adx": false,
        "use_atr": false,
        "rsi_required": true,
        "atr_min_pct": 0.015109626219893455,
        "atr_max_pct": 0.13630943049822583
      },
      "bear": {
        "strategy": "breakout",
        "bb_std_mult": 1.2571599337995167,
        "rsi_ob": 70,
        "rsi_os": 52,
        "tp_mult": 1.7149673432024581,
        "tsl_mult": 0.0004102131455224567,
        "time_stop": 122,
        "use_ema": false,
        "use_adx": false,
        "use_atr": false,
        "rsi_required": false,
        "adx_thresh": 31.238766665127454,
        "atr_min_pct": 0.026767463670604112,
        "atr_max_pct": 0.042481859768843486
      }
    },
    "slippage": 0.0006,
    "select_top_k": 3,
    "aggregate_params": "median",
    "objective": "multi",
    "wfo_folds": 8,
    "embargo_bars": 300,
    "use_ml": false,
    "ml_thresh": 0.0
  },
  "guardrails": {
    "max_dd_pct_allowed": 0.03,
    "min_trades_lookback": 75,
    "daily_loss_limit_pct": 0.01,
    "cooldown_bars": 120,
    "fill_timing": "next_open",
    "bar_priority": "stop_first",
    "session_hours": [
      0,
      24
    ],
    "include_hours": [
      16
    ],
    "consec_loss_lockout": [
      2,
      60
    ],
    "sides": "short"
  },
  "regime": {
    "enabled": true,
    "fast": 50,
    "slow": 200,
    "band": 0.0,
    "overrides": {
      "bull": {
        "strategy": "mean_reversion",
        "bb_std_mult": 2.0169431746748376,
        "rsi_ob": 51,
        "rsi_os": 43,
        "tp_mult": 1.9194251920826044,
        "tsl_mult": 0.6891458682949287,
        "time_stop": 214,
        "use_ema": false,
        "use_adx": true,
        "use_atr": true,
        "rsi_required": false,
        "adx_thresh": 30.312193620918165,
        "atr_min_pct": 0.01765191613765407,
        "atr_max_pct": 0.05817423848665073
      },
      "sideways": {
        "strategy": "breakout",
        "bb_std_mult": 1.5828092896467827,
        "rsi_ob": 58,
        "rsi_os": 19,
        "tp_mult": 2.341879695778944,
        "tsl_mult": 0.651967765830165,
        "time_stop": 235,
        "use_ema": false,
        "use_adx": false,
        "use_atr": false,
        "rsi_required": true,
        "atr_min_pct": 0.015109626219893455,
        "atr_max_pct": 0.13630943049822583
      },
      "bear": {
        "strategy": "breakout",
        "bb_std_mult": 1.2571599337995167,
        "rsi_ob": 70,
        "rsi_os": 52,
        "tp_mult": 1.7149673432024581,
        "tsl_mult": 0.0004102131455224567,
        "time_stop": 122,
        "use_ema": false,
        "use_adx": false,
        "use_atr": false,
        "rsi_required": false,
        "adx_thresh": 31.238766665127454,
        "atr_min_pct": 0.026767463670604112,
        "atr_max_pct": 0.042481859768843486
      }
    }
  },
  "run_config": {
    "trials": 350,
    "n_jobs": 4,
    "seed": 101,
    "objective": "multi",
    "multi_objective": true,
    "train_frac": 0.7,
    "wfo_folds": 8,
    "embargo_bars": 300,
    "select_top_k": 3,
    "aggregate_params": "median",
    "start_equity": 20000.0,
    "fee": 0.0,
    "fixed_slippage": 0.0006,
    "min_slippage": 0.0,
    "fill_timing": "next_open",
    "bar_priority": "stop_first",
    "session_start": 0,
    "session_end": 24,
    "include_hours": "16",
    "sides": "short",
    "regime_adapt": false,
    "regime_fast": 50,
    "regime_slow": 200,
    "regime_band": 0.0,
    "round_exits": true,
    "stop_extra_slip": 0.0
  },
  "metrics_consistent": {
    "return_pct_train_consistent": 0.06764759546599976,
    "return_pct_test_consistent": 0.03680685374700014,
    "suspicious_run": false
  }
}