{
  "created_at": "2025-08-22T15:34:44.964836+00:00",
  "objective": "multi",
  "selection": {
    "dd_cap_pct": 0.04,
    "best_trial": 236,
    "top_k": 5,
    "top_trials": [
      236,
      240,
      212,
      301,
      396
    ]
  },
  "train_bars": 1131000,
  "test_bars": 484544,
  "train_metrics": {
    "pnl": 1485.7444050600163,
    "return_pct": 0.07428722025300094,
    "trades": 471,
    "win_rate": 0.3333333333333333,
    "avg_trade": 3.154446719872646,
    "avg_trade_pct": 0.00015250923027551255,
    "max_drawdown": -122.76265591999982,
    "max_drawdown_pct": -0.005816647466794224,
    "final_equity": 21485.744405060017,
    "wins": 157,
    "losses": 314
  },
  "test_metrics": {
    "pnl": 493.7518071999943,
    "return_pct": 0.024687590359999678,
    "trades": 178,
    "win_rate": 0.3539325842696629,
    "avg_trade": 2.7738865573033387,
    "avg_trade_pct": 0.00013745689866589663,
    "max_drawdown": -133.2160851199951,
    "max_drawdown_pct": -0.006485972659888086,
    "final_equity": 20493.751807199995,
    "wins": 63,
    "losses": 115
  },
  "params": {
    "p_sma": 15,
    "p_std": 48,
    "p_atr": 18,
    "p_adx": 20,
    "rsi_period": 64,
    "ema1": 8,
    "ema2": 28,
    "slip_atr_k": 4.324003741193417e-05,
    "slip_spread_k": 0.01671193728649828,
    "spread_hl_frac": 0.03126741221585208,
    "bb_std_mult": 3.1559897016272114,
    "rsi_os": 30,
    "rsi_ob": 71,
    "vol_spike": 0.06745353575399218,
    "adx_thresh": 18.560222019968002,
    "atr_min_pct": 0.015141784336958123,
    "atr_max_pct": 0.09202107850947072,
    "tp_mult": 1.9816812592727262,
    "tsl_mult": 0.9799633653117236,
    "strategy": "mean_reversion",
    "time_stop": 78,
    "use_sma": false,
    "use_atr": false,
    "use_adx": false,
    "use_ema": true,
    "use_spike": false,
    "rsi_required": true,
    "edge_k": 0.2074004587295344,
    "edge_cap": 0.5739204660829814,
    "fee": 0.0,
    "rsi_key": "rsi64",
    "start_equity": 20000.0,
    "risk_per_trade": 0.00135,
    "risk_stop_atr_mult": 1.0,
    "risk_min_stop_frac": 0.001,
    "daily_loss_limit_pct": 0.01,
    "cooldown_bars": 120,
    "fill_timing": "next_open",
    "bar_priority": "stop_first",
    "session_start": 0,
    "session_end": 24,
    "include_hours_set": "{16}",
    "max_consec_losses": 2,
    "lockout_bars": 60,
    "proba_temp": 1.0,
    "participation_cap": 0.1,
    "price_step": 0.0001,
    "qty_step": 0.0001,
    "min_notional": 5.0,
    "max_notional_pct_equity": 0.5,
    "sides": "short",
    "regime_adapt": true,
    "regime_fast": 50,
    "regime_slow": 200,
    "regime_band": 0.0,
    "round_exits": true,
    "stop_extra_slip": 0.0,
    "regime_overrides": {
      "bull": {
        "strategy": "mean_reversion",
        "bb_std_mult": 2.0169431746748376,
        "rsi_ob": 51,
        "rsi_os": 43,
        "tp_mult": 1.9194251920826044,
        "tsl_mult": 0.6891458682949287,
        "time_stop": 214,
        "use_ema": false,
        "use_adx": true,
        "use_atr": true,
        "rsi_required": false,
        "adx_thresh": 30.312193620918165,
        "atr_min_pct": 0.01765191613765407,
        "atr_max_pct": 0.05817423848665073
      },
      "sideways": {
        "strategy": "breakout",
        "bb_std_mult": 1.5828092896467827,
        "rsi_ob": 58,
        "rsi_os": 19,
        "tp_mult": 2.341879695778944,
        "tsl_mult": 0.651967765830165,
        "time_stop": 235,
        "use_ema": false,
        "use_adx": false,
        "use_atr": false,
        "rsi_required": true,
        "atr_min_pct": 0.015109626219893455,
        "atr_max_pct": 0.13630943049822583
      },
      "bear": {
        "strategy": "breakout",
        "bb_std_mult": 1.2571599337995167,
        "rsi_ob": 70,
        "rsi_os": 52,
        "tp_mult": 1.7149673432024581,
        "tsl_mult": 0.0004102131455224567,
        "time_stop": 122,
        "use_ema": false,
        "use_adx": false,
        "use_atr": false,
        "rsi_required": false,
        "adx_thresh": 31.238766665127454,
        "atr_min_pct": 0.026767463670604112,
        "atr_max_pct": 0.042481859768843486
      }
    },
    "slippage": 0.0006,
    "select_top_k": 5,
    "aggregate_params": "best",
    "objective": "multi",
    "wfo_folds": 8,
    "embargo_bars": 300,
    "use_ml": false,
    "ml_thresh": 0.0
  },
  "guardrails": {
    "max_dd_pct_allowed": 0.04,
    "min_trades_lookback": 75,
    "daily_loss_limit_pct": 0.01,
    "cooldown_bars": 120,
    "fill_timing": "next_open",
    "bar_priority": "stop_first",
    "session_hours": [
      0,
      24
    ],
    "include_hours": [
      16
    ],
    "consec_loss_lockout": [
      2,
      60
    ],
    "sides": "short"
  },
  "regime": {
    "enabled": true,
    "fast": 50,
    "slow": 200,
    "band": 0.0,
    "overrides": {
      "bull": {
        "strategy": "mean_reversion",
        "bb_std_mult": 2.0169431746748376,
        "rsi_ob": 51,
        "rsi_os": 43,
        "tp_mult": 1.9194251920826044,
        "tsl_mult": 0.6891458682949287,
        "time_stop": 214,
        "use_ema": false,
        "use_adx": true,
        "use_atr": true,
        "rsi_required": false,
        "adx_thresh": 30.312193620918165,
        "atr_min_pct": 0.01765191613765407,
        "atr_max_pct": 0.05817423848665073
      },
      "sideways": {
        "strategy": "breakout",
        "bb_std_mult": 1.5828092896467827,
        "rsi_ob": 58,
        "rsi_os": 19,
        "tp_mult": 2.341879695778944,
        "tsl_mult": 0.651967765830165,
        "time_stop": 235,
        "use_ema": false,
        "use_adx": false,
        "use_atr": false,
        "rsi_required": true,
        "atr_min_pct": 0.015109626219893455,
        "atr_max_pct": 0.13630943049822583
      },
      "bear": {
        "strategy": "breakout",
        "bb_std_mult": 1.2571599337995167,
        "rsi_ob": 70,
        "rsi_os": 52,
        "tp_mult": 1.7149673432024581,
        "tsl_mult": 0.0004102131455224567,
        "time_stop": 122,
        "use_ema": false,
        "use_adx": false,
        "use_atr": false,
        "rsi_required": false,
        "adx_thresh": 31.238766665127454,
        "atr_min_pct": 0.026767463670604112,
        "atr_max_pct": 0.042481859768843486
      }
    }
  },
  "run_config": {
    "trials": 400,
    "n_jobs": 4,
    "seed": 101,
    "objective": "multi",
    "multi_objective": true,
    "train_frac": 0.7,
    "wfo_folds": 8,
    "embargo_bars": 300,
    "select_top_k": 5,
    "aggregate_params": "best",
    "start_equity": 20000.0,
    "fee": 0.0,
    "fixed_slippage": 0.0006,
    "min_slippage": 0.0,
    "fill_timing": "next_open",
    "bar_priority": "stop_first",
    "session_start": 0,
    "session_end": 24,
    "include_hours": "16",
    "sides": "short",
    "regime_adapt": false,
    "regime_fast": 50,
    "regime_slow": 200,
    "regime_band": 0.0,
    "round_exits": true,
    "stop_extra_slip": 0.0
  },
  "metrics_consistent": {
    "return_pct_train_consistent": 0.07428722025300082,
    "return_pct_test_consistent": 0.024687590359999713,
    "suspicious_run": false
  }
}