{
  "created_at": "2025-09-01T06:07:29.833659+00:00",
  "objective": "multi",
  "selection": {
    "dd_cap_pct": 0.35,
    "best_trial": 152,
    "top_k": 1,
    "top_trials": [
      152
    ]
  },
  "train_bars": 1131150,
  "test_bars": 484694,
  "train_metrics": {
    "pnl": 35.65689753547963,
    "return_pct": 0.0017828448767738259,
    "trades": 4,
    "win_rate": 0.75,
    "avg_trade": 8.914224383869907,
    "avg_trade_pct": 0.0004456963134187026,
    "max_drawdown": -16.869976642621623,
    "max_drawdown_pct": -0.0008412893172254172,
    "final_equity": 20035.65689753548,
    "wins": 3,
    "losses": 1
  },
  "test_metrics": {
    "pnl": 235.65851954084945,
    "return_pct": 0.011782925977042336,
    "trades": 4,
    "win_rate": 0.75,
    "avg_trade": 58.91462988521236,
    "avg_trade_pct": 0.002935353360836875,
    "max_drawdown": -18.53179527570319,
    "max_drawdown_pct": -0.0009149610518938702,
    "final_equity": 20235.658519540848,
    "wins": 3,
    "losses": 1
  },
  "params": {
    "p_sma": 9,
    "p_std": 17,
    "p_atr": 12,
    "p_adx": 25,
    "rsi_period": 22,
    "ema1": 25,
    "ema2": 29,
    "slip_atr_k": 0.013447746061829604,
    "slip_spread_k": 0.10484997787446576,
    "spread_hl_frac": 0.03382325546553299,
    "bb_std_mult": 1.3408068883061384,
    "rsi_os": 55,
    "rsi_ob": 80,
    "vol_spike": 0.1630226800592246,
    "adx_thresh": 26.82438127774859,
    "atr_min_pct": 0.010507244027571423,
    "atr_max_pct": 0.053821478831781115,
    "tp_mult": 2.1540007642598473,
    "tsl_mult": 0.26925447381979534,
    "strategy": "breakout",
    "time_stop": 257,
    "use_sma": false,
    "use_atr": true,
    "use_adx": true,
    "use_ema": true,
    "use_spike": true,
    "rsi_required": true,
    "edge_k": 1.9484526691444786,
    "edge_cap": 0.7616732754848837,
    "bull_strategy": "breakout",
    "bull_bb_std_mult": 2.8908303757437634,
    "bull_rsi_os": 50,
    "bull_rsi_ob": 56,
    "bull_adx_thresh": 32.40221502077155,
    "bull_atr_min_pct": 0.01897109024323826,
    "bull_atr_max_pct": 0.09949604340074071,
    "bull_tp_mult": 1.325220460407158,
    "bull_tsl_mult": 0.3977270901542652,
    "bull_time_stop": 69,
    "bull_use_sma": true,
    "bull_use_ema": false,
    "bull_use_atr": false,
    "bull_use_adx": true,
    "bull_use_spike": false,
    "bull_rsi_required": true,
    "bear_strategy": "breakout",
    "bear_bb_std_mult": 1.1308889605025416,
    "bear_rsi_os": 41,
    "bear_rsi_ob": 60,
    "bear_adx_thresh": 30.503449168777692,
    "bear_atr_min_pct": 0.006378246894784577,
    "bear_atr_max_pct": 0.11859596965735898,
    "bear_tp_mult": 1.6531470938037072,
    "bear_tsl_mult": 0.941132584950479,
    "bear_time_stop": 186,
    "bear_use_sma": false,
    "bear_use_ema": false,
    "bear_use_atr": true,
    "bear_use_adx": true,
    "bear_use_spike": false,
    "bear_rsi_required": false,
    "sideways_strategy": "mean_reversion",
    "sideways_bb_std_mult": 2.5054693618427395,
    "sideways_rsi_os": 11,
    "sideways_rsi_ob": 45,
    "sideways_adx_thresh": 32.8180547368876,
    "sideways_atr_min_pct": 0.011902109658061547,
    "sideways_atr_max_pct": 0.054281101579219955,
    "sideways_tp_mult": 2.7065811582868102,
    "sideways_tsl_mult": 0.8172198758226306,
    "sideways_time_stop": 264,
    "sideways_use_sma": false,
    "sideways_use_ema": true,
    "sideways_use_atr": true,
    "sideways_use_adx": false,
    "sideways_use_spike": false,
    "sideways_rsi_required": true,
    "fee": 0.001,
    "rsi_key": "rsi22",
    "start_equity": 20000.0,
    "risk_per_trade": 0.04,
    "risk_stop_atr_mult": 1.0,
    "risk_min_stop_frac": 0.001,
    "daily_loss_limit_pct": 0.12,
    "cooldown_bars": 30,
    "fill_timing": "next_open",
    "bar_priority": "stop_first",
    "session_start": 0,
    "session_end": 24,
    "include_hours_set": "{0, 1, 2, 3}",
    "max_consec_losses": 7,
    "lockout_bars": 100,
    "proba_temp": 1.0,
    "participation_cap": 1.0,
    "price_step": 0.0001,
    "qty_step": 0.0001,
    "min_notional": 5.0,
    "max_notional_pct_equity": 1.0,
    "sides": "short",
    "regime_adapt": true,
    "regime_fast": 50,
    "regime_slow": 200,
    "regime_band": 0.006,
    "round_exits": true,
    "stop_extra_slip": 0.0,
    "regime_overrides": {
      "bull": {
        "allowed_sides": [
          "long",
          "short"
        ],
        "mode": "mean_reversion",
        "bb_std_mult": 2.0169431746748376,
        "tp_mult": 1.9194251920826044,
        "tsl_mult": 0.6891458682949287,
        "time_stop_bars": 214,
        "rsi_required": false,
        "use_adx": true,
        "adx": 18.0,
        "use_atr": true,
        "atr_range": [
          0.0008,
          0.06
        ]
      },
      "sideways": {
        "allowed_sides": [
          "long",
          "short"
        ],
        "mode": "breakout",
        "bb_std_mult": 1.5828092896467827,
        "tp_mult": 2.341879695778944,
        "tsl_mult": 0.651967765830165,
        "time_stop_bars": 235,
        "rsi_required": true,
        "use_adx": true,
        "adx": 15.0,
        "use_atr": true,
        "atr_range": [
          0.001,
          0.14
        ]
      },
      "bear": {
        "allowed_sides": [
          "long",
          "short"
        ],
        "mode": "breakout",
        "bb_std_mult": 1.2571599337995167,
        "tp_mult": 1.7149673432024581,
        "tsl_mult": 0.25,
        "time_stop_bars": 122,
        "rsi_required": true,
        "use_adx": true,
        "adx": 20.0,
        "use_atr": true,
        "atr_range": [
          0.0015,
          0.06
        ]
      }
    },
    "slippage": 0.0006,
    "select_top_k": 1,
    "aggregate_params": "median",
    "objective": "multi",
    "wfo_folds": 6,
    "embargo_bars": 150,
    "use_ml": false,
    "ml_thresh": 0.0
  },
  "guardrails": {
    "max_dd_pct_allowed": 0.35,
    "min_trades_lookback": 120,
    "daily_loss_limit_pct": 0.12,
    "cooldown_bars": 30,
    "fill_timing": "next_open",
    "bar_priority": "stop_first",
    "session_hours": [
      0,
      24
    ],
    "include_hours": [
      0,
      1,
      2,
      3
    ],
    "consec_loss_lockout": [
      7,
      100
    ],
    "sides": "short"
  },
  "regime": {
    "enabled": true,
    "fast": 50,
    "slow": 200,
    "band": 0.006,
    "overrides": {
      "bull": {
        "allowed_sides": [
          "long",
          "short"
        ],
        "mode": "mean_reversion",
        "bb_std_mult": 2.0169431746748376,
        "tp_mult": 1.9194251920826044,
        "tsl_mult": 0.6891458682949287,
        "time_stop_bars": 214,
        "rsi_required": false,
        "use_adx": true,
        "adx": 18.0,
        "use_atr": true,
        "atr_range": [
          0.0008,
          0.06
        ]
      },
      "sideways": {
        "allowed_sides": [
          "long",
          "short"
        ],
        "mode": "breakout",
        "bb_std_mult": 1.5828092896467827,
        "tp_mult": 2.341879695778944,
        "tsl_mult": 0.651967765830165,
        "time_stop_bars": 235,
        "rsi_required": true,
        "use_adx": true,
        "adx": 15.0,
        "use_atr": true,
        "atr_range": [
          0.001,
          0.14
        ]
      },
      "bear": {
        "allowed_sides": [
          "long",
          "short"
        ],
        "mode": "breakout",
        "bb_std_mult": 1.2571599337995167,
        "tp_mult": 1.7149673432024581,
        "tsl_mult": 0.25,
        "time_stop_bars": 122,
        "rsi_required": true,
        "use_adx": true,
        "adx": 20.0,
        "use_atr": true,
        "atr_range": [
          0.0015,
          0.06
        ]
      }
    }
  },
  "run_config": {
    "trials": 600,
    "n_jobs": 4,
    "seed": 911,
    "objective": "multi",
    "multi_objective": true,
    "train_frac": 0.7,
    "wfo_folds": 6,
    "embargo_bars": 150,
    "select_top_k": 1,
    "aggregate_params": "median",
    "start_equity": 20000.0,
    "fee": 0.001,
    "fixed_slippage": 0.0006,
    "min_slippage": 0.0,
    "fill_timing": "next_open",
    "bar_priority": "stop_first",
    "session_start": 0,
    "session_end": 24,
    "include_hours": "0,1,2,3",
    "sides": "short",
    "regime_adapt": true,
    "regime_fast": 50,
    "regime_slow": 200,
    "regime_band": 0.0,
    "round_exits": true,
    "stop_extra_slip": 0.0
  },
  "metrics_consistent": {
    "return_pct_train_consistent": 0.0017828448767739816,
    "return_pct_test_consistent": 0.011782925977042473,
    "suspicious_run": false
  }
}