{
  "created_at": "2025-08-21T00:23:59.356246+00:00",
  "objective": "multi",
  "selection": {
    "dd_cap_pct": 0.08,
    "best_trial": 187,
    "top_k": 3,
    "top_trials": [
      187,
      138,
      137
    ]
  },
  "train_bars": 1131150,
  "test_bars": 484694,
  "train_metrics": {
    "pnl": 23309737.59797673,
    "return_pct": 1165.4868798988377,
    "trades": 10320,
    "win_rate": 0.7719961240310077,
    "avg_trade": 2258.6955036799154,
    "avg_trade_pct": 0.0006848051967287463,
    "max_drawdown": -346.17113608983345,
    "max_drawdown_pct": -0.00032617063746149497,
    "final_equity": 23329737.597976755,
    "wins": 7967,
    "losses": 2353
  },
  "test_metrics": {
    "pnl": 449440.07424010814,
    "return_pct": 22.47200371200538,
    "trades": 4595,
    "win_rate": 0.7936887921653971,
    "avg_trade": 97.8106799216775,
    "avg_trade_pct": 0.0006872723259162628,
    "max_drawdown": -5.857399799991981,
    "max_drawdown_pct": -4.834541067685457e-05,
    "final_equity": 469440.0742401076,
    "wins": 3647,
    "losses": 948
  },
  "params": {
    "use_adx": false,
    "rsi_required": false,
    "rsi_os": 34,
    "atr_min_pct": 0.0226105292067827,
    "use_ema": false,
    "p_adx": 30,
    "atr_max_pct": 0.054247241881430756,
    "adx_thresh": 9.493517981263976,
    "p_atr": 17,
    "bb_std_mult": 3.541084170069946,
    "ema2": 27,
    "time_stop": 91,
    "p_std": 7,
    "p_sma": 28,
    "slip_spread_k": 0.7957410042391224,
    "edge_k": 1.144177791708608,
    "vol_spike": 0.06899307549803237,
    "rsi_ob": 72,
    "rsi_period": 31,
    "slip_atr_k": 9.436138831878598e-05,
    "use_spike": false,
    "tsl_mult": 0.7980970477807576,
    "edge_cap": 0.3885249386722711,
    "tp_mult": 1.0193899944371334,
    "strategy": "mean_reversion",
    "spread_hl_frac": 3.7896070301289005e-05,
    "ema1": 10,
    "use_atr": false,
    "use_sma": true,
    "fee": 0.0,
    "rsi_key": "rsi31",
    "start_equity": 20000.0,
    "risk_per_trade": 0.0015,
    "risk_stop_atr_mult": 1.0,
    "risk_min_stop_frac": 0.001,
    "daily_loss_limit_pct": 0.03,
    "cooldown_bars": 80,
    "fill_timing": "next_open",
    "bar_priority": "tp_first",
    "session_start": 0,
    "session_end": 24,
    "include_hours_set": "{13, 14, 15, 16, 17, 18, 19, 20, 22}",
    "max_consec_losses": 2,
    "lockout_bars": 180,
    "proba_temp": 1.0,
    "participation_cap": 1.0,
    "price_step": 0.0001,
    "qty_step": 0.0001,
    "min_notional": 5.0,
    "max_notional_pct_equity": 1.0,
    "sides": "long",
    "regime_adapt": true,
    "regime_fast": 50,
    "regime_slow": 200,
    "regime_band": 0.0,
    "round_exits": true,
    "stop_extra_slip": 0.0,
    "regime_overrides": {
      "bull": {
        "strategy": "mean_reversion",
        "bb_std_mult": 2.0169431746748376,
        "rsi_ob": 51,
        "rsi_os": 43,
        "tp_mult": 1.9194251920826044,
        "tsl_mult": 0.6891458682949287,
        "time_stop": 214,
        "use_ema": false,
        "use_adx": true,
        "use_atr": true,
        "rsi_required": false,
        "adx_thresh": 30.312193620918165,
        "atr_min_pct": 0.01765191613765407,
        "atr_max_pct": 0.05817423848665073
      },
      "sideways": {
        "strategy": "breakout",
        "bb_std_mult": 1.5828092896467827,
        "rsi_ob": 58,
        "rsi_os": 19,
        "tp_mult": 2.341879695778944,
        "tsl_mult": 0.651967765830165,
        "time_stop": 235,
        "use_ema": false,
        "use_adx": false,
        "use_atr": false,
        "rsi_required": true,
        "atr_min_pct": 0.015109626219893455,
        "atr_max_pct": 0.13630943049822583
      },
      "bear": {
        "strategy": "breakout",
        "bb_std_mult": 1.2571599337995167,
        "rsi_ob": 70,
        "rsi_os": 52,
        "tp_mult": 1.7149673432024581,
        "tsl_mult": 0.0004102131455224567,
        "time_stop": 122,
        "use_ema": false,
        "use_adx": false,
        "use_atr": false,
        "rsi_required": false,
        "adx_thresh": 31.238766665127454,
        "atr_min_pct": 0.026767463670604112,
        "atr_max_pct": 0.042481859768843486
      }
    },
    "slippage": 0.0,
    "select_top_k": 3,
    "aggregate_params": "median",
    "objective": "multi",
    "wfo_folds": 6,
    "embargo_bars": 150,
    "use_ml": false,
    "ml_thresh": 0.0
  },
  "guardrails": {
    "max_dd_pct_allowed": 0.08,
    "min_trades_lookback": 200,
    "daily_loss_limit_pct": 0.03,
    "cooldown_bars": 80,
    "fill_timing": "next_open",
    "bar_priority": "tp_first",
    "session_hours": [
      0,
      24
    ],
    "include_hours": [
      13,
      14,
      15,
      16,
      17,
      18,
      19,
      20,
      22
    ],
    "consec_loss_lockout": [
      2,
      180
    ],
    "sides": "long"
  },
  "regime": {
    "enabled": true,
    "fast": 50,
    "slow": 200,
    "band": 0.0,
    "overrides": {
      "bull": {
        "strategy": "mean_reversion",
        "bb_std_mult": 2.0169431746748376,
        "rsi_ob": 51,
        "rsi_os": 43,
        "tp_mult": 1.9194251920826044,
        "tsl_mult": 0.6891458682949287,
        "time_stop": 214,
        "use_ema": false,
        "use_adx": true,
        "use_atr": true,
        "rsi_required": false,
        "adx_thresh": 30.312193620918165,
        "atr_min_pct": 0.01765191613765407,
        "atr_max_pct": 0.05817423848665073
      },
      "sideways": {
        "strategy": "breakout",
        "bb_std_mult": 1.5828092896467827,
        "rsi_ob": 58,
        "rsi_os": 19,
        "tp_mult": 2.341879695778944,
        "tsl_mult": 0.651967765830165,
        "time_stop": 235,
        "use_ema": false,
        "use_adx": false,
        "use_atr": false,
        "rsi_required": true,
        "atr_min_pct": 0.015109626219893455,
        "atr_max_pct": 0.13630943049822583
      },
      "bear": {
        "strategy": "breakout",
        "bb_std_mult": 1.2571599337995167,
        "rsi_ob": 70,
        "rsi_os": 52,
        "tp_mult": 1.7149673432024581,
        "tsl_mult": 0.0004102131455224567,
        "time_stop": 122,
        "use_ema": false,
        "use_adx": false,
        "use_atr": false,
        "rsi_required": false,
        "adx_thresh": 31.238766665127454,
        "atr_min_pct": 0.026767463670604112,
        "atr_max_pct": 0.042481859768843486
      }
    }
  },
  "run_config": {
    "trials": 250,
    "n_jobs": 4,
    "seed": 2468,
    "objective": "multi",
    "multi_objective": true,
    "train_frac": 0.7,
    "wfo_folds": 6,
    "embargo_bars": 150,
    "select_top_k": 3,
    "aggregate_params": "median",
    "start_equity": 20000.0,
    "fee": 0.0,
    "fixed_slippage": 0.0,
    "min_slippage": 0.0,
    "fill_timing": "next_open",
    "bar_priority": "tp_first",
    "session_start": 0,
    "session_end": 24,
    "include_hours": "13,14,15,16,17,18,19,20,22",
    "sides": "long",
    "regime_adapt": true,
    "regime_fast": 50,
    "regime_slow": 200,
    "regime_band": 0.0,
    "round_exits": true,
    "stop_extra_slip": 0.0
  },
  "metrics_consistent": {
    "return_pct_train_consistent": 1165.4868798988364,
    "return_pct_test_consistent": 22.472003712005407,
    "suspicious_run": true
  }
}