{
  "created_at": "2025-08-21T23:59:26.725019+00:00",
  "objective": "multi",
  "selection": {
    "dd_cap_pct": 0.03,
    "best_trial": 262,
    "top_k": 5,
    "top_trials": [
      262,
      205,
      237,
      236,
      226
    ]
  },
  "train_bars": 1050243,
  "test_bars": 565401,
  "train_metrics": {
    "pnl": 1273.707858109999,
    "return_pct": 0.0636853929054999,
    "trades": 375,
    "win_rate": 0.37866666666666665,
    "avg_trade": 3.3965542882933306,
    "avg_trade_pct": 0.00016498001864712528,
    "max_drawdown": -143.80458339000324,
    "max_drawdown_pct": -0.006849814548385753,
    "final_equity": 21273.70785811,
    "wins": 142,
    "losses": 233
  },
  "test_metrics": {
    "pnl": -22.055344179995387,
    "return_pct": -0.001102767208999822,
    "trades": 181,
    "win_rate": 0.2430939226519337,
    "avg_trade": -0.12185273027621761,
    "avg_trade_pct": -5.889896525611932e-06,
    "max_drawdown": -291.8405650800014,
    "max_drawdown_pct": -0.014397812404005497,
    "final_equity": 19977.944655820003,
    "wins": 44,
    "losses": 137
  },
  "params": {
    "bb_std_mult": 2.330671757118938,
    "use_atr": true,
    "p_sma": 5,
    "time_stop": 43,
    "atr_max_pct": 0.0772065513170605,
    "edge_cap": 0.5365334667853597,
    "atr_min_pct": 0.018633988217514542,
    "slip_atr_k": 0.03327710107636399,
    "spread_hl_frac": 0.02173853772025987,
    "tsl_mult": 0.14097655179102386,
    "slip_spread_k": 0.3747598360261321,
    "use_ema": false,
    "p_atr": 29,
    "use_sma": true,
    "rsi_required": true,
    "p_adx": 18,
    "p_std": 59,
    "ema1": 29,
    "tp_mult": 2.748205508122036,
    "vol_spike": 0.12093089677178695,
    "ema2": 12,
    "use_spike": false,
    "edge_k": 1.0734502837388147,
    "use_adx": false,
    "adx_thresh": 6.298411966333916,
    "rsi_os": 38,
    "rsi_ob": 86,
    "rsi_period": 75,
    "strategy": "mean_reversion",
    "fee": 0.0,
    "rsi_key": "rsi75",
    "start_equity": 20000.0,
    "risk_per_trade": 0.001,
    "risk_stop_atr_mult": 1.0,
    "risk_min_stop_frac": 0.001,
    "daily_loss_limit_pct": 0.01,
    "cooldown_bars": 120,
    "fill_timing": "next_open",
    "bar_priority": "stop_first",
    "session_start": 0,
    "session_end": 24,
    "include_hours_set": "{16, 20}",
    "max_consec_losses": 2,
    "lockout_bars": 60,
    "proba_temp": 1.0,
    "participation_cap": 0.1,
    "price_step": 0.0001,
    "qty_step": 0.0001,
    "min_notional": 5.0,
    "max_notional_pct_equity": 0.5,
    "sides": "long",
    "regime_adapt": true,
    "regime_fast": 50,
    "regime_slow": 200,
    "regime_band": 0.0,
    "round_exits": true,
    "stop_extra_slip": 0.0,
    "regime_overrides": {
      "bull": {
        "strategy": "mean_reversion",
        "bb_std_mult": 2.0169431746748376,
        "rsi_ob": 51,
        "rsi_os": 43,
        "tp_mult": 1.9194251920826044,
        "tsl_mult": 0.6891458682949287,
        "time_stop": 214,
        "use_ema": false,
        "use_adx": true,
        "use_atr": true,
        "rsi_required": false,
        "adx_thresh": 30.312193620918165,
        "atr_min_pct": 0.01765191613765407,
        "atr_max_pct": 0.05817423848665073
      },
      "sideways": {
        "strategy": "breakout",
        "bb_std_mult": 1.5828092896467827,
        "rsi_ob": 58,
        "rsi_os": 19,
        "tp_mult": 2.341879695778944,
        "tsl_mult": 0.651967765830165,
        "time_stop": 235,
        "use_ema": false,
        "use_adx": false,
        "use_atr": false,
        "rsi_required": true,
        "atr_min_pct": 0.015109626219893455,
        "atr_max_pct": 0.13630943049822583
      },
      "bear": {
        "strategy": "breakout",
        "bb_std_mult": 1.2571599337995167,
        "rsi_ob": 70,
        "rsi_os": 52,
        "tp_mult": 1.7149673432024581,
        "tsl_mult": 0.0004102131455224567,
        "time_stop": 122,
        "use_ema": false,
        "use_adx": false,
        "use_atr": false,
        "rsi_required": false,
        "adx_thresh": 31.238766665127454,
        "atr_min_pct": 0.026767463670604112,
        "atr_max_pct": 0.042481859768843486
      }
    },
    "slippage": 0.0006,
    "select_top_k": 5,
    "aggregate_params": "median",
    "objective": "multi",
    "wfo_folds": 10,
    "embargo_bars": 250,
    "use_ml": false,
    "ml_thresh": 0.0
  },
  "guardrails": {
    "max_dd_pct_allowed": 0.03,
    "min_trades_lookback": 80,
    "daily_loss_limit_pct": 0.01,
    "cooldown_bars": 120,
    "fill_timing": "next_open",
    "bar_priority": "stop_first",
    "session_hours": [
      0,
      24
    ],
    "include_hours": [
      16,
      20
    ],
    "consec_loss_lockout": [
      2,
      60
    ],
    "sides": "long"
  },
  "regime": {
    "enabled": true,
    "fast": 50,
    "slow": 200,
    "band": 0.0,
    "overrides": {
      "bull": {
        "strategy": "mean_reversion",
        "bb_std_mult": 2.0169431746748376,
        "rsi_ob": 51,
        "rsi_os": 43,
        "tp_mult": 1.9194251920826044,
        "tsl_mult": 0.6891458682949287,
        "time_stop": 214,
        "use_ema": false,
        "use_adx": true,
        "use_atr": true,
        "rsi_required": false,
        "adx_thresh": 30.312193620918165,
        "atr_min_pct": 0.01765191613765407,
        "atr_max_pct": 0.05817423848665073
      },
      "sideways": {
        "strategy": "breakout",
        "bb_std_mult": 1.5828092896467827,
        "rsi_ob": 58,
        "rsi_os": 19,
        "tp_mult": 2.341879695778944,
        "tsl_mult": 0.651967765830165,
        "time_stop": 235,
        "use_ema": false,
        "use_adx": false,
        "use_atr": false,
        "rsi_required": true,
        "atr_min_pct": 0.015109626219893455,
        "atr_max_pct": 0.13630943049822583
      },
      "bear": {
        "strategy": "breakout",
        "bb_std_mult": 1.2571599337995167,
        "rsi_ob": 70,
        "rsi_os": 52,
        "tp_mult": 1.7149673432024581,
        "tsl_mult": 0.0004102131455224567,
        "time_stop": 122,
        "use_ema": false,
        "use_adx": false,
        "use_atr": false,
        "rsi_required": false,
        "adx_thresh": 31.238766665127454,
        "atr_min_pct": 0.026767463670604112,
        "atr_max_pct": 0.042481859768843486
      }
    }
  },
  "run_config": {
    "trials": 350,
    "n_jobs": 4,
    "seed": 203,
    "objective": "multi",
    "multi_objective": true,
    "train_frac": 0.65,
    "wfo_folds": 10,
    "embargo_bars": 250,
    "select_top_k": 5,
    "aggregate_params": "median",
    "start_equity": 20000.0,
    "fee": 0.0,
    "fixed_slippage": 0.0006,
    "min_slippage": 0.0,
    "fill_timing": "next_open",
    "bar_priority": "stop_first",
    "session_start": 0,
    "session_end": 24,
    "include_hours": "16,20",
    "sides": "long",
    "regime_adapt": true,
    "regime_fast": 50,
    "regime_slow": 200,
    "regime_band": 0.5,
    "round_exits": true,
    "stop_extra_slip": 0.0
  },
  "metrics_consistent": {
    "return_pct_train_consistent": 0.06368539290549995,
    "return_pct_test_consistent": -0.0011027672089997695,
    "suspicious_run": false
  }
}