{
  "created_at": "2025-08-21T11:26:22.264485+00:00",
  "objective": "multi",
  "selection": {
    "dd_cap_pct": 0.06,
    "best_trial": 130,
    "top_k": 5,
    "top_trials": [
      130,
      129,
      99,
      119,
      22
    ]
  },
  "train_bars": 1131000,
  "test_bars": 484544,
  "train_metrics": {
    "pnl": -609.054005150002,
    "return_pct": -0.03045270025750013,
    "trades": 435,
    "win_rate": 0.37701149425287356,
    "avg_trade": -1.4001241497701196,
    "avg_trade_pct": -7.089930605335097e-05,
    "max_drawdown": -649.1167719700024,
    "max_drawdown_pct": -0.03239095503456877,
    "final_equity": 19390.945994849997,
    "wins": 164,
    "losses": 271
  },
  "test_metrics": {
    "pnl": -610.7375291500059,
    "return_pct": -0.03053687645750036,
    "trades": 30,
    "win_rate": 0.0,
    "avg_trade": -20.35791763833353,
    "avg_trade_pct": -0.0010331639251561456,
    "max_drawdown": -585.494286190009,
    "max_drawdown_pct": -0.029311710440912103,
    "final_equity": 19389.262470849993,
    "wins": 0,
    "losses": 30
  },
  "params": {
    "edge_cap": 0.5974345721115518,
    "strategy": "mean_reversion",
    "bb_std_mult": 1.6832675845554974,
    "spread_hl_frac": 0.028571078395555373,
    "ema2": 39,
    "use_atr": true,
    "use_spike": true,
    "rsi_period": 60,
    "slip_atr_k": 0.10940374779690513,
    "use_adx": false,
    "use_ema": false,
    "rsi_os": 28,
    "p_adx": 19,
    "tp_mult": 1.4481357449679035,
    "use_sma": true,
    "ema1": 17,
    "edge_k": 1.2515721810089284,
    "adx_thresh": 21.89892513433958,
    "atr_min_pct": 0.004829227295520017,
    "atr_max_pct": 0.07496777024104213,
    "p_std": 19,
    "p_sma": 6,
    "time_stop": 175,
    "p_atr": 18,
    "slip_spread_k": 0.36322759546379846,
    "rsi_ob": 71,
    "tsl_mult": 0.656203338492769,
    "vol_spike": 0.01626944992346946,
    "rsi_required": true,
    "fee": 0.0,
    "rsi_key": "rsi60",
    "start_equity": 20000.0,
    "risk_per_trade": 0.001,
    "risk_stop_atr_mult": 1.0,
    "risk_min_stop_frac": 0.001,
    "daily_loss_limit_pct": 0.03,
    "cooldown_bars": 80,
    "fill_timing": "next_open",
    "bar_priority": "stop_first",
    "session_start": 0,
    "session_end": 24,
    "include_hours_set": "{13, 14, 15, 16, 17, 18, 19, 20, 22}",
    "max_consec_losses": 2,
    "lockout_bars": 180,
    "proba_temp": 1.0,
    "participation_cap": 1.0,
    "price_step": 0.0001,
    "qty_step": 0.0001,
    "min_notional": 5.0,
    "max_notional_pct_equity": 1.0,
    "sides": "long",
    "regime_adapt": true,
    "regime_fast": 50,
    "regime_slow": 200,
    "regime_band": 0.0,
    "round_exits": true,
    "stop_extra_slip": 0.0,
    "regime_overrides": {
      "bull": {
        "strategy": "mean_reversion",
        "bb_std_mult": 2.0169431746748376,
        "rsi_ob": 51,
        "rsi_os": 43,
        "tp_mult": 1.9194251920826044,
        "tsl_mult": 0.6891458682949287,
        "time_stop": 214,
        "use_ema": false,
        "use_adx": true,
        "use_atr": true,
        "rsi_required": false,
        "adx_thresh": 30.312193620918165,
        "atr_min_pct": 0.01765191613765407,
        "atr_max_pct": 0.05817423848665073
      },
      "sideways": {
        "strategy": "breakout",
        "bb_std_mult": 1.5828092896467827,
        "rsi_ob": 58,
        "rsi_os": 19,
        "tp_mult": 2.341879695778944,
        "tsl_mult": 0.651967765830165,
        "time_stop": 235,
        "use_ema": false,
        "use_adx": false,
        "use_atr": false,
        "rsi_required": true,
        "atr_min_pct": 0.015109626219893455,
        "atr_max_pct": 0.13630943049822583
      },
      "bear": {
        "strategy": "breakout",
        "bb_std_mult": 1.2571599337995167,
        "rsi_ob": 70,
        "rsi_os": 52,
        "tp_mult": 1.7149673432024581,
        "tsl_mult": 0.0004102131455224567,
        "time_stop": 122,
        "use_ema": false,
        "use_adx": false,
        "use_atr": false,
        "rsi_required": false,
        "adx_thresh": 31.238766665127454,
        "atr_min_pct": 0.026767463670604112,
        "atr_max_pct": 0.042481859768843486
      }
    },
    "slippage": 0.0006,
    "select_top_k": 5,
    "aggregate_params": "median",
    "objective": "multi",
    "wfo_folds": 8,
    "embargo_bars": 300,
    "use_ml": false,
    "ml_thresh": 0.0
  },
  "guardrails": {
    "max_dd_pct_allowed": 0.06,
    "min_trades_lookback": 400,
    "daily_loss_limit_pct": 0.03,
    "cooldown_bars": 80,
    "fill_timing": "next_open",
    "bar_priority": "stop_first",
    "session_hours": [
      0,
      24
    ],
    "include_hours": [
      13,
      14,
      15,
      16,
      17,
      18,
      19,
      20,
      22
    ],
    "consec_loss_lockout": [
      2,
      180
    ],
    "sides": "long"
  },
  "regime": {
    "enabled": true,
    "fast": 50,
    "slow": 200,
    "band": 0.0,
    "overrides": {
      "bull": {
        "strategy": "mean_reversion",
        "bb_std_mult": 2.0169431746748376,
        "rsi_ob": 51,
        "rsi_os": 43,
        "tp_mult": 1.9194251920826044,
        "tsl_mult": 0.6891458682949287,
        "time_stop": 214,
        "use_ema": false,
        "use_adx": true,
        "use_atr": true,
        "rsi_required": false,
        "adx_thresh": 30.312193620918165,
        "atr_min_pct": 0.01765191613765407,
        "atr_max_pct": 0.05817423848665073
      },
      "sideways": {
        "strategy": "breakout",
        "bb_std_mult": 1.5828092896467827,
        "rsi_ob": 58,
        "rsi_os": 19,
        "tp_mult": 2.341879695778944,
        "tsl_mult": 0.651967765830165,
        "time_stop": 235,
        "use_ema": false,
        "use_adx": false,
        "use_atr": false,
        "rsi_required": true,
        "atr_min_pct": 0.015109626219893455,
        "atr_max_pct": 0.13630943049822583
      },
      "bear": {
        "strategy": "breakout",
        "bb_std_mult": 1.2571599337995167,
        "rsi_ob": 70,
        "rsi_os": 52,
        "tp_mult": 1.7149673432024581,
        "tsl_mult": 0.0004102131455224567,
        "time_stop": 122,
        "use_ema": false,
        "use_adx": false,
        "use_atr": false,
        "rsi_required": false,
        "adx_thresh": 31.238766665127454,
        "atr_min_pct": 0.026767463670604112,
        "atr_max_pct": 0.042481859768843486
      }
    }
  },
  "run_config": {
    "trials": 150,
    "n_jobs": 4,
    "seed": 101,
    "objective": "multi",
    "multi_objective": true,
    "train_frac": 0.7,
    "wfo_folds": 8,
    "embargo_bars": 300,
    "select_top_k": 5,
    "aggregate_params": "median",
    "start_equity": 20000.0,
    "fee": 0.0,
    "fixed_slippage": 0.0006,
    "min_slippage": 0.0,
    "fill_timing": "next_open",
    "bar_priority": "stop_first",
    "session_start": 0,
    "session_end": 24,
    "include_hours": "13,14,15,16,17,18,19,20,22",
    "sides": "long",
    "regime_adapt": true,
    "regime_fast": 50,
    "regime_slow": 200,
    "regime_band": 0.0,
    "round_exits": true,
    "stop_extra_slip": 0.0
  },
  "metrics_consistent": {
    "return_pct_train_consistent": -0.0304527002575001,
    "return_pct_test_consistent": -0.030536876457500296,
    "suspicious_run": false
  }
}