{
  "created_at": "2025-08-21T21:52:23.228532+00:00",
  "objective": "multi",
  "selection": {
    "dd_cap_pct": 0.04,
    "best_trial": 276,
    "top_k": 5,
    "top_trials": [
      276,
      227,
      230,
      228,
      222
    ]
  },
  "train_bars": 1131000,
  "test_bars": 484544,
  "train_metrics": {
    "pnl": 2306.112617390027,
    "return_pct": 0.1153056308695013,
    "trades": 1935,
    "win_rate": 0.32558139534883723,
    "avg_trade": 1.1917894663514352,
    "avg_trade_pct": 5.654494823063543e-05,
    "max_drawdown": -550.4533548899999,
    "max_drawdown_pct": -0.024543437480584317,
    "final_equity": 22306.112617390027,
    "wins": 630,
    "losses": 1305
  },
  "test_metrics": {
    "pnl": -207.8213155600033,
    "return_pct": -0.010391065778000086,
    "trades": 736,
    "win_rate": 0.22010869565217392,
    "avg_trade": -0.2823659178804393,
    "avg_trade_pct": -1.404988197664368e-05,
    "max_drawdown": -774.0235002900008,
    "max_drawdown_pct": -0.03795710325595699,
    "final_equity": 19792.178684439998,
    "wins": 162,
    "losses": 574
  },
  "params": {
    "ema2": 35,
    "bull_strategy": "breakout",
    "bull_use_adx": true,
    "bull_rsi_os": 40,
    "bear_bb_std_mult": 1.384873123406943,
    "bull_atr_max_pct": 0.06901098455891524,
    "bear_use_ema": true,
    "use_adx": false,
    "p_sma": 10,
    "p_atr": 29,
    "sideways_rsi_ob": 63,
    "bear_use_sma": false,
    "bull_time_stop": 242,
    "atr_min_pct": 0.003379707340224707,
    "sideways_strategy": "breakout",
    "ema1": 26,
    "bear_use_atr": false,
    "bull_use_sma": false,
    "rsi_required": false,
    "sideways_use_sma": false,
    "bear_rsi_required": false,
    "slip_spread_k": 0.08156170372923852,
    "bear_use_spike": false,
    "bull_atr_min_pct": 0.001753038899816547,
    "rsi_period": 23,
    "adx_thresh": 29.52118493307734,
    "sideways_tsl_mult": 0.624127783516421,
    "use_atr": false,
    "bear_strategy": "breakout",
    "edge_cap": 0.6688102816805389,
    "sideways_bb_std_mult": 3.5636796358469214,
    "bear_atr_max_pct": 0.02744487409720829,
    "atr_max_pct": 0.0826713049135208,
    "bear_time_stop": 282,
    "sideways_atr_min_pct": 0.011771904798300956,
    "slip_atr_k": 0.0003505806412050366,
    "bull_rsi_required": false,
    "tsl_mult": 0.7235325100237063,
    "strategy": "breakout",
    "sideways_use_atr": true,
    "use_ema": true,
    "sideways_use_adx": true,
    "sideways_adx_thresh": 30.826386827679475,
    "use_sma": true,
    "sideways_tp_mult": 1.2806238974668183,
    "tp_mult": 1.7321346174447383,
    "sideways_rsi_os": 16,
    "sideways_use_spike": false,
    "sideways_time_stop": 269,
    "p_adx": 26,
    "bear_rsi_os": 29,
    "spread_hl_frac": 0.03956425585836726,
    "bb_std_mult": 0.8438477859476898,
    "bull_use_atr": false,
    "bear_atr_min_pct": 0.00016583823122655347,
    "bull_adx_thresh": 18.393008165224085,
    "bear_use_adx": true,
    "sideways_use_ema": true,
    "sideways_atr_max_pct": 0.05831857038054146,
    "time_stop": 17,
    "rsi_ob": 87,
    "bull_tsl_mult": 0.637651543181319,
    "vol_spike": 0.12310249012438358,
    "use_spike": true,
    "edge_k": 1.315341181296021,
    "sideways_rsi_required": true,
    "bear_adx_thresh": 5.834619055052984,
    "bear_tp_mult": 1.3612527149424711,
    "bear_tsl_mult": 0.44206915407202957,
    "bull_use_spike": false,
    "bull_bb_std_mult": 1.5103462569914292,
    "bull_use_ema": true,
    "p_std": 48,
    "bull_tp_mult": 2.6412924360108976,
    "bull_rsi_ob": 86,
    "rsi_os": 40,
    "bear_rsi_ob": 85,
    "fee": 0.0,
    "rsi_key": "rsi23",
    "start_equity": 20000.0,
    "risk_per_trade": 0.00075,
    "risk_stop_atr_mult": 1.0,
    "risk_min_stop_frac": 0.001,
    "daily_loss_limit_pct": 0.01,
    "cooldown_bars": 120,
    "fill_timing": "next_open",
    "bar_priority": "stop_first",
    "session_start": 0,
    "session_end": 24,
    "include_hours_set": "{13, 14, 15, 18, 19}",
    "max_consec_losses": 2,
    "lockout_bars": 60,
    "proba_temp": 1.0,
    "participation_cap": 0.1,
    "price_step": 0.0001,
    "qty_step": 0.0001,
    "min_notional": 5.0,
    "max_notional_pct_equity": 0.5,
    "sides": "both",
    "regime_adapt": true,
    "regime_fast": 50,
    "regime_slow": 200,
    "regime_band": 0.0,
    "round_exits": true,
    "stop_extra_slip": 0.0,
    "regime_overrides": {
      "bull": {
        "strategy": "mean_reversion",
        "bb_std_mult": 2.0169431746748376,
        "rsi_ob": 51,
        "rsi_os": 43,
        "tp_mult": 1.9194251920826044,
        "tsl_mult": 0.6891458682949287,
        "time_stop": 214,
        "use_ema": false,
        "use_adx": true,
        "use_atr": true,
        "rsi_required": false,
        "adx_thresh": 30.312193620918165,
        "atr_min_pct": 0.01765191613765407,
        "atr_max_pct": 0.05817423848665073
      },
      "sideways": {
        "strategy": "breakout",
        "bb_std_mult": 1.5828092896467827,
        "rsi_ob": 58,
        "rsi_os": 19,
        "tp_mult": 2.341879695778944,
        "tsl_mult": 0.651967765830165,
        "time_stop": 235,
        "use_ema": false,
        "use_adx": false,
        "use_atr": false,
        "rsi_required": true,
        "atr_min_pct": 0.015109626219893455,
        "atr_max_pct": 0.13630943049822583
      },
      "bear": {
        "strategy": "breakout",
        "bb_std_mult": 1.2571599337995167,
        "rsi_ob": 70,
        "rsi_os": 52,
        "tp_mult": 1.7149673432024581,
        "tsl_mult": 0.0004102131455224567,
        "time_stop": 122,
        "use_ema": false,
        "use_adx": false,
        "use_atr": false,
        "rsi_required": false,
        "adx_thresh": 31.238766665127454,
        "atr_min_pct": 0.026767463670604112,
        "atr_max_pct": 0.042481859768843486
      }
    },
    "slippage": 0.0006,
    "select_top_k": 5,
    "aggregate_params": "median",
    "objective": "multi",
    "wfo_folds": 8,
    "embargo_bars": 300,
    "use_ml": false,
    "ml_thresh": 0.0
  },
  "guardrails": {
    "max_dd_pct_allowed": 0.04,
    "min_trades_lookback": 200,
    "daily_loss_limit_pct": 0.01,
    "cooldown_bars": 120,
    "fill_timing": "next_open",
    "bar_priority": "stop_first",
    "session_hours": [
      0,
      24
    ],
    "include_hours": [
      13,
      14,
      15,
      18,
      19
    ],
    "consec_loss_lockout": [
      2,
      60
    ],
    "sides": "both"
  },
  "regime": {
    "enabled": true,
    "fast": 50,
    "slow": 200,
    "band": 0.0,
    "overrides": {
      "bull": {
        "strategy": "mean_reversion",
        "bb_std_mult": 2.0169431746748376,
        "rsi_ob": 51,
        "rsi_os": 43,
        "tp_mult": 1.9194251920826044,
        "tsl_mult": 0.6891458682949287,
        "time_stop": 214,
        "use_ema": false,
        "use_adx": true,
        "use_atr": true,
        "rsi_required": false,
        "adx_thresh": 30.312193620918165,
        "atr_min_pct": 0.01765191613765407,
        "atr_max_pct": 0.05817423848665073
      },
      "sideways": {
        "strategy": "breakout",
        "bb_std_mult": 1.5828092896467827,
        "rsi_ob": 58,
        "rsi_os": 19,
        "tp_mult": 2.341879695778944,
        "tsl_mult": 0.651967765830165,
        "time_stop": 235,
        "use_ema": false,
        "use_adx": false,
        "use_atr": false,
        "rsi_required": true,
        "atr_min_pct": 0.015109626219893455,
        "atr_max_pct": 0.13630943049822583
      },
      "bear": {
        "strategy": "breakout",
        "bb_std_mult": 1.2571599337995167,
        "rsi_ob": 70,
        "rsi_os": 52,
        "tp_mult": 1.7149673432024581,
        "tsl_mult": 0.0004102131455224567,
        "time_stop": 122,
        "use_ema": false,
        "use_adx": false,
        "use_atr": false,
        "rsi_required": false,
        "adx_thresh": 31.238766665127454,
        "atr_min_pct": 0.026767463670604112,
        "atr_max_pct": 0.042481859768843486
      }
    }
  },
  "run_config": {
    "trials": 300,
    "n_jobs": 4,
    "seed": 101,
    "objective": "multi",
    "multi_objective": true,
    "train_frac": 0.7,
    "wfo_folds": 8,
    "embargo_bars": 300,
    "select_top_k": 5,
    "aggregate_params": "median",
    "start_equity": 20000.0,
    "fee": 0.0,
    "fixed_slippage": 0.0006,
    "min_slippage": 0.0,
    "fill_timing": "next_open",
    "bar_priority": "stop_first",
    "session_start": 0,
    "session_end": 24,
    "include_hours": "13,14,15,18,19",
    "sides": "both",
    "regime_adapt": false,
    "regime_fast": 50,
    "regime_slow": 200,
    "regime_band": 0.0,
    "round_exits": true,
    "stop_extra_slip": 0.0
  },
  "metrics_consistent": {
    "return_pct_train_consistent": 0.11530563086950135,
    "return_pct_test_consistent": -0.010391065778000166,
    "suspicious_run": false
  }
}