{
  "created_at": "2025-08-21T00:55:57.715275+00:00",
  "objective": "multi",
  "selection": {
    "dd_cap_pct": 0.08,
    "best_trial": 241,
    "top_k": 3,
    "top_trials": [
      241,
      242,
      246
    ]
  },
  "train_bars": 1131150,
  "test_bars": 484694,
  "train_metrics": {
    "pnl": 232896.7512418805,
    "return_pct": 11.644837562094011,
    "trades": 3696,
    "win_rate": 0.7762445887445888,
    "avg_trade": 63.013190271071565,
    "avg_trade_pct": 0.0006870036816380201,
    "max_drawdown": -0.6985483299649786,
    "max_drawdown_pct": -5.0393689266476496e-06,
    "final_equity": 252896.75124188024,
    "wins": 2869,
    "losses": 827
  },
  "test_metrics": {
    "pnl": 41370.07503569987,
    "return_pct": 2.068503751784991,
    "trades": 1572,
    "win_rate": 0.8053435114503816,
    "avg_trade": 26.316841625763274,
    "avg_trade_pct": 0.0007137394692391885,
    "max_drawdown": -0.1745880400048918,
    "max_drawdown_pct": -4.901780420616312e-06,
    "final_equity": 61370.07503569982,
    "wins": 1266,
    "losses": 306
  },
  "params": {
    "tp_mult": 2.17451973206494,
    "rsi_os": 33,
    "bear_rsi_required": true,
    "sideways_strategy": "mean_reversion",
    "sideways_adx_thresh": 14.064772992769084,
    "bull_time_stop": 95,
    "strategy": "breakout",
    "bull_rsi_os": 22,
    "bear_time_stop": 101,
    "bull_bb_std_mult": 1.7251270448772238,
    "bear_bb_std_mult": 3.1159109652275596,
    "sideways_time_stop": 142,
    "bull_tp_mult": 2.5249710849603995,
    "p_std": 25,
    "bear_adx_thresh": 27.95159891567307,
    "bear_use_ema": true,
    "sideways_use_sma": false,
    "bull_use_ema": false,
    "use_spike": true,
    "bull_rsi_ob": 79,
    "use_adx": true,
    "bear_use_sma": true,
    "ema1": 23,
    "bull_use_sma": false,
    "slip_spread_k": 0.0005058205165725128,
    "rsi_required": true,
    "bull_use_spike": false,
    "use_atr": false,
    "use_ema": true,
    "bull_tsl_mult": 0.9308207102419203,
    "bear_use_adx": false,
    "use_sma": false,
    "atr_min_pct": 0.0012623391357052512,
    "ema2": 37,
    "p_atr": 28,
    "tsl_mult": 0.9471006955250688,
    "sideways_tp_mult": 1.4333165239135794,
    "sideways_atr_min_pct": 0.016831105622229635,
    "bear_tp_mult": 2.989315133490335,
    "sideways_use_atr": true,
    "p_sma": 38,
    "bb_std_mult": 2.577272119835266,
    "bear_rsi_os": 48,
    "bear_atr_min_pct": 0.004195326277684021,
    "edge_k": 1.9768986489864528,
    "p_adx": 13,
    "bear_rsi_ob": 80,
    "spread_hl_frac": 0.0010709250123851308,
    "edge_cap": 0.912879310851498,
    "bull_use_adx": true,
    "sideways_atr_max_pct": 0.07978644061950126,
    "sideways_use_spike": true,
    "bull_rsi_required": true,
    "sideways_use_ema": false,
    "sideways_tsl_mult": 0.20786419068803677,
    "bull_use_atr": false,
    "sideways_use_adx": true,
    "sideways_rsi_os": 13,
    "bear_strategy": "mean_reversion",
    "bear_tsl_mult": 0.24311830887627464,
    "rsi_ob": 53,
    "adx_thresh": 10.163686143274985,
    "bull_strategy": "breakout",
    "sideways_bb_std_mult": 1.1090082047009369,
    "sideways_rsi_required": true,
    "bear_use_atr": true,
    "bull_atr_min_pct": 0.006283014332927054,
    "bull_atr_max_pct": 0.07427123213814432,
    "bear_atr_max_pct": 0.05746670751929642,
    "slip_atr_k": 0.0001293401561641619,
    "bull_adx_thresh": 17.893458296223343,
    "sideways_rsi_ob": 58,
    "atr_max_pct": 0.12284114823666123,
    "rsi_period": 45,
    "vol_spike": 0.08849898294182199,
    "bear_use_spike": false,
    "time_stop": 176,
    "fee": 0.0,
    "rsi_key": "rsi45",
    "start_equity": 20000.0,
    "risk_per_trade": 0.0015,
    "risk_stop_atr_mult": 1.0,
    "risk_min_stop_frac": 0.001,
    "daily_loss_limit_pct": 0.03,
    "cooldown_bars": 80,
    "fill_timing": "next_open",
    "bar_priority": "tp_first",
    "session_start": 0,
    "session_end": 24,
    "include_hours_set": "{19, 20, 22}",
    "max_consec_losses": 2,
    "lockout_bars": 180,
    "proba_temp": 1.0,
    "participation_cap": 1.0,
    "price_step": 0.0001,
    "qty_step": 0.0001,
    "min_notional": 5.0,
    "max_notional_pct_equity": 1.0,
    "sides": "long",
    "regime_adapt": true,
    "regime_fast": 50,
    "regime_slow": 200,
    "regime_band": 0.0,
    "round_exits": true,
    "stop_extra_slip": 0.0,
    "regime_overrides": {
      "bull": {
        "strategy": "mean_reversion",
        "bb_std_mult": 2.0169431746748376,
        "rsi_ob": 51,
        "rsi_os": 43,
        "tp_mult": 1.9194251920826044,
        "tsl_mult": 0.6891458682949287,
        "time_stop": 214,
        "use_ema": false,
        "use_adx": true,
        "use_atr": true,
        "rsi_required": false,
        "adx_thresh": 30.312193620918165,
        "atr_min_pct": 0.01765191613765407,
        "atr_max_pct": 0.05817423848665073
      },
      "sideways": {
        "strategy": "breakout",
        "bb_std_mult": 1.5828092896467827,
        "rsi_ob": 58,
        "rsi_os": 19,
        "tp_mult": 2.341879695778944,
        "tsl_mult": 0.651967765830165,
        "time_stop": 235,
        "use_ema": false,
        "use_adx": false,
        "use_atr": false,
        "rsi_required": true,
        "atr_min_pct": 0.015109626219893455,
        "atr_max_pct": 0.13630943049822583
      },
      "bear": {
        "strategy": "breakout",
        "bb_std_mult": 1.2571599337995167,
        "rsi_ob": 70,
        "rsi_os": 52,
        "tp_mult": 1.7149673432024581,
        "tsl_mult": 0.0004102131455224567,
        "time_stop": 122,
        "use_ema": false,
        "use_adx": false,
        "use_atr": false,
        "rsi_required": false,
        "adx_thresh": 31.238766665127454,
        "atr_min_pct": 0.026767463670604112,
        "atr_max_pct": 0.042481859768843486
      }
    },
    "slippage": 0.0,
    "select_top_k": 3,
    "aggregate_params": "median",
    "objective": "multi",
    "wfo_folds": 6,
    "embargo_bars": 150,
    "use_ml": false,
    "ml_thresh": 0.0
  },
  "guardrails": {
    "max_dd_pct_allowed": 0.08,
    "min_trades_lookback": 120,
    "daily_loss_limit_pct": 0.03,
    "cooldown_bars": 80,
    "fill_timing": "next_open",
    "bar_priority": "tp_first",
    "session_hours": [
      0,
      24
    ],
    "include_hours": [
      19,
      20,
      22
    ],
    "consec_loss_lockout": [
      2,
      180
    ],
    "sides": "long"
  },
  "regime": {
    "enabled": true,
    "fast": 50,
    "slow": 200,
    "band": 0.0,
    "overrides": {
      "bull": {
        "strategy": "mean_reversion",
        "bb_std_mult": 2.0169431746748376,
        "rsi_ob": 51,
        "rsi_os": 43,
        "tp_mult": 1.9194251920826044,
        "tsl_mult": 0.6891458682949287,
        "time_stop": 214,
        "use_ema": false,
        "use_adx": true,
        "use_atr": true,
        "rsi_required": false,
        "adx_thresh": 30.312193620918165,
        "atr_min_pct": 0.01765191613765407,
        "atr_max_pct": 0.05817423848665073
      },
      "sideways": {
        "strategy": "breakout",
        "bb_std_mult": 1.5828092896467827,
        "rsi_ob": 58,
        "rsi_os": 19,
        "tp_mult": 2.341879695778944,
        "tsl_mult": 0.651967765830165,
        "time_stop": 235,
        "use_ema": false,
        "use_adx": false,
        "use_atr": false,
        "rsi_required": true,
        "atr_min_pct": 0.015109626219893455,
        "atr_max_pct": 0.13630943049822583
      },
      "bear": {
        "strategy": "breakout",
        "bb_std_mult": 1.2571599337995167,
        "rsi_ob": 70,
        "rsi_os": 52,
        "tp_mult": 1.7149673432024581,
        "tsl_mult": 0.0004102131455224567,
        "time_stop": 122,
        "use_ema": false,
        "use_adx": false,
        "use_atr": false,
        "rsi_required": false,
        "adx_thresh": 31.238766665127454,
        "atr_min_pct": 0.026767463670604112,
        "atr_max_pct": 0.042481859768843486
      }
    }
  },
  "run_config": {
    "trials": 250,
    "n_jobs": 4,
    "seed": 6062,
    "objective": "multi",
    "multi_objective": true,
    "train_frac": 0.7,
    "wfo_folds": 6,
    "embargo_bars": 150,
    "select_top_k": 3,
    "aggregate_params": "median",
    "start_equity": 20000.0,
    "fee": 0.0,
    "fixed_slippage": 0.0,
    "min_slippage": 0.0,
    "fill_timing": "next_open",
    "bar_priority": "tp_first",
    "session_start": 0,
    "session_end": 24,
    "include_hours": "19,20,22",
    "sides": "long",
    "regime_adapt": true,
    "regime_fast": 50,
    "regime_slow": 200,
    "regime_band": 0.0,
    "round_exits": true,
    "stop_extra_slip": 0.0
  },
  "metrics_consistent": {
    "return_pct_train_consistent": 11.644837562094025,
    "return_pct_test_consistent": 2.0685037517849936,
    "suspicious_run": true
  }
}