{
  "created_at": "2025-08-21T12:45:08.007526+00:00",
  "objective": "multi",
  "selection": {
    "dd_cap_pct": 0.04,
    "best_trial": 67,
    "top_k": 5,
    "top_trials": [
      67,
      64,
      66,
      96,
      146
    ]
  },
  "train_bars": 1131000,
  "test_bars": 484544,
  "train_metrics": {
    "pnl": -949.8760283999999,
    "return_pct": -0.047493801419999926,
    "trades": 825,
    "win_rate": 0.3612121212121212,
    "avg_trade": -1.1513648829090908,
    "avg_trade_pct": -5.886512698737277e-05,
    "max_drawdown": -1550.9198144000038,
    "max_drawdown_pct": -0.07548459838563079,
    "final_equity": 19050.123971600002,
    "wins": 298,
    "losses": 527
  },
  "test_metrics": {
    "pnl": -275.0971012799904,
    "return_pct": -0.013754855063999427,
    "trades": 301,
    "win_rate": 0.3554817275747508,
    "avg_trade": -0.9139438580730578,
    "avg_trade_pct": -4.5883394804003123e-05,
    "max_drawdown": -504.00120657999287,
    "max_drawdown_pct": -0.025074764856062744,
    "final_equity": 19724.90289872001,
    "wins": 107,
    "losses": 194
  },
  "params": {
    "rsi_period": 12,
    "use_sma": false,
    "p_sma": 5,
    "p_adx": 25,
    "atr_min_pct": 0.003814229640930814,
    "use_adx": true,
    "tp_mult": 2.7034527622986255,
    "edge_cap": 0.26282977245151373,
    "bb_std_mult": 2.585762823675427,
    "adx_thresh": 29.471649404865033,
    "use_spike": false,
    "use_atr": false,
    "edge_k": 0.6339610607638071,
    "rsi_ob": 79,
    "vol_spike": 0.21010861879003367,
    "ema2": 52,
    "p_std": 56,
    "rsi_required": false,
    "slip_atr_k": 0.005215346621277187,
    "time_stop": 288,
    "p_atr": 11,
    "ema1": 19,
    "atr_max_pct": 0.07756629237718314,
    "strategy": "breakout",
    "use_ema": true,
    "slip_spread_k": 0.16620767358776178,
    "rsi_os": 46,
    "tsl_mult": 0.35395022593198255,
    "spread_hl_frac": 0.01659590526311023,
    "fee": 0.0,
    "rsi_key": "rsi12",
    "start_equity": 20000.0,
    "risk_per_trade": 0.0005,
    "risk_stop_atr_mult": 1.0,
    "risk_min_stop_frac": 0.001,
    "daily_loss_limit_pct": 0.02,
    "cooldown_bars": 120,
    "fill_timing": "next_open",
    "bar_priority": "tp_first",
    "session_start": 0,
    "session_end": 24,
    "include_hours_set": "{16, 17, 18, 19, 20}",
    "max_consec_losses": 2,
    "lockout_bars": 240,
    "proba_temp": 1.0,
    "participation_cap": 1.0,
    "price_step": 0.0001,
    "qty_step": 0.0001,
    "min_notional": 5.0,
    "max_notional_pct_equity": 1.0,
    "sides": "short",
    "regime_adapt": true,
    "regime_fast": 50,
    "regime_slow": 200,
    "regime_band": 0.0,
    "round_exits": true,
    "stop_extra_slip": 0.0,
    "regime_overrides": {
      "bull": {
        "strategy": "mean_reversion",
        "bb_std_mult": 2.0169431746748376,
        "rsi_ob": 51,
        "rsi_os": 43,
        "tp_mult": 1.9194251920826044,
        "tsl_mult": 0.6891458682949287,
        "time_stop": 214,
        "use_ema": false,
        "use_adx": true,
        "use_atr": true,
        "rsi_required": false,
        "adx_thresh": 30.312193620918165,
        "atr_min_pct": 0.01765191613765407,
        "atr_max_pct": 0.05817423848665073
      },
      "sideways": {
        "strategy": "breakout",
        "bb_std_mult": 1.5828092896467827,
        "rsi_ob": 58,
        "rsi_os": 19,
        "tp_mult": 2.341879695778944,
        "tsl_mult": 0.651967765830165,
        "time_stop": 235,
        "use_ema": false,
        "use_adx": false,
        "use_atr": false,
        "rsi_required": true,
        "atr_min_pct": 0.015109626219893455,
        "atr_max_pct": 0.13630943049822583
      },
      "bear": {
        "strategy": "breakout",
        "bb_std_mult": 1.2571599337995167,
        "rsi_ob": 70,
        "rsi_os": 52,
        "tp_mult": 1.7149673432024581,
        "tsl_mult": 0.0004102131455224567,
        "time_stop": 122,
        "use_ema": false,
        "use_adx": false,
        "use_atr": false,
        "rsi_required": false,
        "adx_thresh": 31.238766665127454,
        "atr_min_pct": 0.026767463670604112,
        "atr_max_pct": 0.042481859768843486
      }
    },
    "slippage": 0.0006,
    "select_top_k": 5,
    "aggregate_params": "median",
    "objective": "multi",
    "wfo_folds": 8,
    "embargo_bars": 300,
    "use_ml": false,
    "ml_thresh": 0.0
  },
  "guardrails": {
    "max_dd_pct_allowed": 0.04,
    "min_trades_lookback": 400,
    "daily_loss_limit_pct": 0.02,
    "cooldown_bars": 120,
    "fill_timing": "next_open",
    "bar_priority": "tp_first",
    "session_hours": [
      0,
      24
    ],
    "include_hours": [
      16,
      17,
      18,
      19,
      20
    ],
    "consec_loss_lockout": [
      2,
      240
    ],
    "sides": "short"
  },
  "regime": {
    "enabled": true,
    "fast": 50,
    "slow": 200,
    "band": 0.0,
    "overrides": {
      "bull": {
        "strategy": "mean_reversion",
        "bb_std_mult": 2.0169431746748376,
        "rsi_ob": 51,
        "rsi_os": 43,
        "tp_mult": 1.9194251920826044,
        "tsl_mult": 0.6891458682949287,
        "time_stop": 214,
        "use_ema": false,
        "use_adx": true,
        "use_atr": true,
        "rsi_required": false,
        "adx_thresh": 30.312193620918165,
        "atr_min_pct": 0.01765191613765407,
        "atr_max_pct": 0.05817423848665073
      },
      "sideways": {
        "strategy": "breakout",
        "bb_std_mult": 1.5828092896467827,
        "rsi_ob": 58,
        "rsi_os": 19,
        "tp_mult": 2.341879695778944,
        "tsl_mult": 0.651967765830165,
        "time_stop": 235,
        "use_ema": false,
        "use_adx": false,
        "use_atr": false,
        "rsi_required": true,
        "atr_min_pct": 0.015109626219893455,
        "atr_max_pct": 0.13630943049822583
      },
      "bear": {
        "strategy": "breakout",
        "bb_std_mult": 1.2571599337995167,
        "rsi_ob": 70,
        "rsi_os": 52,
        "tp_mult": 1.7149673432024581,
        "tsl_mult": 0.0004102131455224567,
        "time_stop": 122,
        "use_ema": false,
        "use_adx": false,
        "use_atr": false,
        "rsi_required": false,
        "adx_thresh": 31.238766665127454,
        "atr_min_pct": 0.026767463670604112,
        "atr_max_pct": 0.042481859768843486
      }
    }
  },
  "run_config": {
    "trials": 150,
    "n_jobs": 4,
    "seed": 101,
    "objective": "multi",
    "multi_objective": true,
    "train_frac": 0.7,
    "wfo_folds": 8,
    "embargo_bars": 300,
    "select_top_k": 5,
    "aggregate_params": "median",
    "start_equity": 20000.0,
    "fee": 0.0,
    "fixed_slippage": 0.0006,
    "min_slippage": 0.0,
    "fill_timing": "next_open",
    "bar_priority": "tp_first",
    "session_start": 0,
    "session_end": 24,
    "include_hours": "16,17,18,19,20",
    "sides": "short",
    "regime_adapt": true,
    "regime_fast": 50,
    "regime_slow": 200,
    "regime_band": 0.0,
    "round_exits": true,
    "stop_extra_slip": 0.0
  },
  "metrics_consistent": {
    "return_pct_train_consistent": -0.047493801419999995,
    "return_pct_test_consistent": -0.013754855063999519,
    "suspicious_run": false
  }
}