{
  "created_at": "2025-08-21T01:35:43.438078+00:00",
  "objective": "multi",
  "selection": {
    "dd_cap_pct": 0.08,
    "best_trial": 177,
    "top_k": 5,
    "top_trials": [
      177,
      161,
      211,
      164,
      157
    ]
  },
  "train_bars": 1131150,
  "test_bars": 484694,
  "train_metrics": {
    "pnl": 3506847485.2437897,
    "return_pct": 175342.3742621894,
    "trades": 15629,
    "win_rate": 0.7813679697997312,
    "avg_trade": 224380.79757142425,
    "avg_trade_pct": 0.0007732298271091951,
    "max_drawdown": -15037.348792552948,
    "max_drawdown_pct": -8.127603646327716e-06,
    "final_equity": 3506867485.2437882,
    "wins": 12212,
    "losses": 3417
  },
  "test_metrics": {
    "pnl": 3193172.004683724,
    "return_pct": 159.65860023418645,
    "trades": 6644,
    "win_rate": 0.7915412402167369,
    "avg_trade": 480.60987427509394,
    "avg_trade_pct": 0.0007651201012210891,
    "max_drawdown": -8.929186759982258,
    "max_drawdown_pct": -7.109595729515521e-06,
    "final_equity": 3213172.004683729,
    "wins": 5259,
    "losses": 1385
  },
  "params": {
    "tsl_mult": 0.55447277958137,
    "vol_spike": 0.019128014648641275,
    "adx_thresh": 8.327988361787048,
    "atr_max_pct": 0.07627861038668265,
    "p_sma": 49,
    "slip_spread_k": 0.0016187264761661944,
    "p_atr": 16,
    "use_sma": false,
    "rsi_required": true,
    "ema2": 49,
    "edge_cap": 0.41920581844898414,
    "use_ema": true,
    "use_atr": false,
    "use_spike": false,
    "tp_mult": 2.606449022656533,
    "rsi_ob": 82,
    "ema1": 6,
    "spread_hl_frac": 0.002026836336215563,
    "bb_std_mult": 2.5952171793596084,
    "p_adx": 20,
    "rsi_os": 50,
    "rsi_period": 46,
    "edge_k": 0.8700865561940362,
    "p_std": 23,
    "use_adx": true,
    "atr_min_pct": 0.02156228557406042,
    "time_stop": 57,
    "slip_atr_k": 0.00027179422982821983,
    "strategy": "breakout",
    "fee": 0.0,
    "rsi_key": "rsi46",
    "start_equity": 20000.0,
    "risk_per_trade": 0.0015,
    "risk_stop_atr_mult": 1.0,
    "risk_min_stop_frac": 0.001,
    "daily_loss_limit_pct": 0.03,
    "cooldown_bars": 60,
    "fill_timing": "next_open",
    "bar_priority": "tp_first",
    "session_start": 0,
    "session_end": 24,
    "include_hours_set": "{13, 14, 15, 16, 17, 18, 19, 20, 22}",
    "max_consec_losses": 3,
    "lockout_bars": 150,
    "proba_temp": 1.0,
    "participation_cap": 1.0,
    "price_step": 0.0001,
    "qty_step": 0.0001,
    "min_notional": 5.0,
    "max_notional_pct_equity": 1.0,
    "sides": "both",
    "regime_adapt": true,
    "regime_fast": 50,
    "regime_slow": 200,
    "regime_band": 0.0,
    "round_exits": true,
    "stop_extra_slip": 0.0,
    "regime_overrides": {
      "bull": {
        "strategy": "mean_reversion",
        "bb_std_mult": 2.0169431746748376,
        "rsi_ob": 51,
        "rsi_os": 43,
        "tp_mult": 1.9194251920826044,
        "tsl_mult": 0.6891458682949287,
        "time_stop": 214,
        "use_ema": false,
        "use_adx": true,
        "use_atr": true,
        "rsi_required": false,
        "adx_thresh": 30.312193620918165,
        "atr_min_pct": 0.01765191613765407,
        "atr_max_pct": 0.05817423848665073
      },
      "sideways": {
        "strategy": "breakout",
        "bb_std_mult": 1.5828092896467827,
        "rsi_ob": 58,
        "rsi_os": 19,
        "tp_mult": 2.341879695778944,
        "tsl_mult": 0.651967765830165,
        "time_stop": 235,
        "use_ema": false,
        "use_adx": false,
        "use_atr": false,
        "rsi_required": true,
        "atr_min_pct": 0.015109626219893455,
        "atr_max_pct": 0.13630943049822583
      },
      "bear": {
        "strategy": "breakout",
        "bb_std_mult": 1.2571599337995167,
        "rsi_ob": 70,
        "rsi_os": 52,
        "tp_mult": 1.7149673432024581,
        "tsl_mult": 0.0004102131455224567,
        "time_stop": 122,
        "use_ema": false,
        "use_adx": false,
        "use_atr": false,
        "rsi_required": false,
        "adx_thresh": 31.238766665127454,
        "atr_min_pct": 0.026767463670604112,
        "atr_max_pct": 0.042481859768843486
      }
    },
    "slippage": 0.0,
    "select_top_k": 5,
    "aggregate_params": "median",
    "objective": "multi",
    "wfo_folds": 6,
    "embargo_bars": 150,
    "use_ml": false,
    "ml_thresh": 0.0
  },
  "guardrails": {
    "max_dd_pct_allowed": 0.08,
    "min_trades_lookback": 200,
    "daily_loss_limit_pct": 0.03,
    "cooldown_bars": 60,
    "fill_timing": "next_open",
    "bar_priority": "tp_first",
    "session_hours": [
      0,
      24
    ],
    "include_hours": [
      13,
      14,
      15,
      16,
      17,
      18,
      19,
      20,
      22
    ],
    "consec_loss_lockout": [
      3,
      150
    ],
    "sides": "both"
  },
  "regime": {
    "enabled": true,
    "fast": 50,
    "slow": 200,
    "band": 0.0,
    "overrides": {
      "bull": {
        "strategy": "mean_reversion",
        "bb_std_mult": 2.0169431746748376,
        "rsi_ob": 51,
        "rsi_os": 43,
        "tp_mult": 1.9194251920826044,
        "tsl_mult": 0.6891458682949287,
        "time_stop": 214,
        "use_ema": false,
        "use_adx": true,
        "use_atr": true,
        "rsi_required": false,
        "adx_thresh": 30.312193620918165,
        "atr_min_pct": 0.01765191613765407,
        "atr_max_pct": 0.05817423848665073
      },
      "sideways": {
        "strategy": "breakout",
        "bb_std_mult": 1.5828092896467827,
        "rsi_ob": 58,
        "rsi_os": 19,
        "tp_mult": 2.341879695778944,
        "tsl_mult": 0.651967765830165,
        "time_stop": 235,
        "use_ema": false,
        "use_adx": false,
        "use_atr": false,
        "rsi_required": true,
        "atr_min_pct": 0.015109626219893455,
        "atr_max_pct": 0.13630943049822583
      },
      "bear": {
        "strategy": "breakout",
        "bb_std_mult": 1.2571599337995167,
        "rsi_ob": 70,
        "rsi_os": 52,
        "tp_mult": 1.7149673432024581,
        "tsl_mult": 0.0004102131455224567,
        "time_stop": 122,
        "use_ema": false,
        "use_adx": false,
        "use_atr": false,
        "rsi_required": false,
        "adx_thresh": 31.238766665127454,
        "atr_min_pct": 0.026767463670604112,
        "atr_max_pct": 0.042481859768843486
      }
    }
  },
  "run_config": {
    "trials": 250,
    "n_jobs": 4,
    "seed": 222,
    "objective": "multi",
    "multi_objective": true,
    "train_frac": 0.7,
    "wfo_folds": 6,
    "embargo_bars": 150,
    "select_top_k": 5,
    "aggregate_params": "median",
    "start_equity": 20000.0,
    "fee": 0.0,
    "fixed_slippage": 0.0,
    "min_slippage": 0.0,
    "fill_timing": "next_open",
    "bar_priority": "tp_first",
    "session_start": 0,
    "session_end": 24,
    "include_hours": "13,14,15,16,17,18,19,20,22",
    "sides": "both",
    "regime_adapt": true,
    "regime_fast": 50,
    "regime_slow": 200,
    "regime_band": 0.0,
    "round_exits": true,
    "stop_extra_slip": 0.0
  },
  "metrics_consistent": {
    "return_pct_train_consistent": 175342.3742621895,
    "return_pct_test_consistent": 159.6586002341862,
    "suspicious_run": true
  }
}