{
  "created_at": "2025-08-21T01:08:52.101146+00:00",
  "objective": "multi",
  "selection": {
    "dd_cap_pct": 0.08,
    "best_trial": 227,
    "top_k": 5,
    "top_trials": [
      227,
      165,
      187,
      75,
      191
    ]
  },
  "train_bars": 1131150,
  "test_bars": 484694,
  "train_metrics": {
    "pnl": 4195349687.3408837,
    "return_pct": 209767.4843670437,
    "trades": 15921,
    "win_rate": 0.7798505119025186,
    "avg_trade": 263510.438247653,
    "avg_trade_pct": 0.0007703153342928169,
    "max_drawdown": -46920.41333627701,
    "max_drawdown_pct": -1.2189785798619897e-05,
    "final_equity": 4195369687.340874,
    "wins": 12416,
    "losses": 3505
  },
  "test_metrics": {
    "pnl": 2814774.459240726,
    "return_pct": 140.7387229620362,
    "trades": 6732,
    "win_rate": 0.785650623885918,
    "avg_trade": 418.11860654199734,
    "avg_trade_pct": 0.000736461150141311,
    "max_drawdown": -16.891507999505848,
    "max_drawdown_pct": -1.4150937372043194e-05,
    "final_equity": 2834774.4592407243,
    "wins": 5289,
    "losses": 1443
  },
  "params": {
    "use_atr": true,
    "tp_mult": 1.6835616650306888,
    "edge_k": 1.8174462806058649,
    "rsi_os": 33,
    "use_adx": true,
    "use_ema": false,
    "spread_hl_frac": 0.00031591564019859547,
    "rsi_ob": 89,
    "p_atr": 12,
    "p_adx": 18,
    "slip_spread_k": 0.4267823579203415,
    "edge_cap": 0.8482589708726407,
    "atr_max_pct": 0.11951154400709951,
    "p_std": 12,
    "tsl_mult": 0.35829621913507087,
    "slip_atr_k": 0.0004232848507726278,
    "strategy": "mean_reversion",
    "adx_thresh": 33.32247641436718,
    "ema2": 28,
    "rsi_required": true,
    "use_sma": false,
    "vol_spike": 0.03399682206394998,
    "ema1": 25,
    "bb_std_mult": 2.4918226753872923,
    "atr_min_pct": 0.003826287808509239,
    "p_sma": 40,
    "use_spike": false,
    "time_stop": 137,
    "rsi_period": 60,
    "fee": 0.0,
    "rsi_key": "rsi60",
    "start_equity": 20000.0,
    "risk_per_trade": 0.0015,
    "risk_stop_atr_mult": 1.0,
    "risk_min_stop_frac": 0.001,
    "daily_loss_limit_pct": 0.03,
    "cooldown_bars": 60,
    "fill_timing": "next_open",
    "bar_priority": "tp_first",
    "session_start": 0,
    "session_end": 24,
    "include_hours_set": "{13, 14, 15, 16, 17, 18, 19, 20, 22}",
    "max_consec_losses": 3,
    "lockout_bars": 150,
    "proba_temp": 1.0,
    "participation_cap": 1.0,
    "price_step": 0.0001,
    "qty_step": 0.0001,
    "min_notional": 5.0,
    "max_notional_pct_equity": 1.0,
    "sides": "both",
    "regime_adapt": true,
    "regime_fast": 50,
    "regime_slow": 200,
    "regime_band": 0.0,
    "round_exits": true,
    "stop_extra_slip": 0.0,
    "regime_overrides": {
      "bull": {
        "strategy": "mean_reversion",
        "bb_std_mult": 2.0169431746748376,
        "rsi_ob": 51,
        "rsi_os": 43,
        "tp_mult": 1.9194251920826044,
        "tsl_mult": 0.6891458682949287,
        "time_stop": 214,
        "use_ema": false,
        "use_adx": true,
        "use_atr": true,
        "rsi_required": false,
        "adx_thresh": 30.312193620918165,
        "atr_min_pct": 0.01765191613765407,
        "atr_max_pct": 0.05817423848665073
      },
      "sideways": {
        "strategy": "breakout",
        "bb_std_mult": 1.5828092896467827,
        "rsi_ob": 58,
        "rsi_os": 19,
        "tp_mult": 2.341879695778944,
        "tsl_mult": 0.651967765830165,
        "time_stop": 235,
        "use_ema": false,
        "use_adx": false,
        "use_atr": false,
        "rsi_required": true,
        "atr_min_pct": 0.015109626219893455,
        "atr_max_pct": 0.13630943049822583
      },
      "bear": {
        "strategy": "breakout",
        "bb_std_mult": 1.2571599337995167,
        "rsi_ob": 70,
        "rsi_os": 52,
        "tp_mult": 1.7149673432024581,
        "tsl_mult": 0.0004102131455224567,
        "time_stop": 122,
        "use_ema": false,
        "use_adx": false,
        "use_atr": false,
        "rsi_required": false,
        "adx_thresh": 31.238766665127454,
        "atr_min_pct": 0.026767463670604112,
        "atr_max_pct": 0.042481859768843486
      }
    },
    "slippage": 0.0,
    "select_top_k": 5,
    "aggregate_params": "median",
    "objective": "multi",
    "wfo_folds": 6,
    "embargo_bars": 150,
    "use_ml": false,
    "ml_thresh": 0.0
  },
  "guardrails": {
    "max_dd_pct_allowed": 0.08,
    "min_trades_lookback": 200,
    "daily_loss_limit_pct": 0.03,
    "cooldown_bars": 60,
    "fill_timing": "next_open",
    "bar_priority": "tp_first",
    "session_hours": [
      0,
      24
    ],
    "include_hours": [
      13,
      14,
      15,
      16,
      17,
      18,
      19,
      20,
      22
    ],
    "consec_loss_lockout": [
      3,
      150
    ],
    "sides": "both"
  },
  "regime": {
    "enabled": true,
    "fast": 50,
    "slow": 200,
    "band": 0.0,
    "overrides": {
      "bull": {
        "strategy": "mean_reversion",
        "bb_std_mult": 2.0169431746748376,
        "rsi_ob": 51,
        "rsi_os": 43,
        "tp_mult": 1.9194251920826044,
        "tsl_mult": 0.6891458682949287,
        "time_stop": 214,
        "use_ema": false,
        "use_adx": true,
        "use_atr": true,
        "rsi_required": false,
        "adx_thresh": 30.312193620918165,
        "atr_min_pct": 0.01765191613765407,
        "atr_max_pct": 0.05817423848665073
      },
      "sideways": {
        "strategy": "breakout",
        "bb_std_mult": 1.5828092896467827,
        "rsi_ob": 58,
        "rsi_os": 19,
        "tp_mult": 2.341879695778944,
        "tsl_mult": 0.651967765830165,
        "time_stop": 235,
        "use_ema": false,
        "use_adx": false,
        "use_atr": false,
        "rsi_required": true,
        "atr_min_pct": 0.015109626219893455,
        "atr_max_pct": 0.13630943049822583
      },
      "bear": {
        "strategy": "breakout",
        "bb_std_mult": 1.2571599337995167,
        "rsi_ob": 70,
        "rsi_os": 52,
        "tp_mult": 1.7149673432024581,
        "tsl_mult": 0.0004102131455224567,
        "time_stop": 122,
        "use_ema": false,
        "use_adx": false,
        "use_atr": false,
        "rsi_required": false,
        "adx_thresh": 31.238766665127454,
        "atr_min_pct": 0.026767463670604112,
        "atr_max_pct": 0.042481859768843486
      }
    }
  },
  "run_config": {
    "trials": 250,
    "n_jobs": 4,
    "seed": 101,
    "objective": "multi",
    "multi_objective": true,
    "train_frac": 0.7,
    "wfo_folds": 6,
    "embargo_bars": 150,
    "select_top_k": 5,
    "aggregate_params": "median",
    "start_equity": 20000.0,
    "fee": 0.0,
    "fixed_slippage": 0.0,
    "min_slippage": 0.0,
    "fill_timing": "next_open",
    "bar_priority": "tp_first",
    "session_start": 0,
    "session_end": 24,
    "include_hours": "13,14,15,16,17,18,19,20,22",
    "sides": "both",
    "regime_adapt": true,
    "regime_fast": 50,
    "regime_slow": 200,
    "regime_band": 0.0,
    "round_exits": true,
    "stop_extra_slip": 0.0
  },
  "metrics_consistent": {
    "return_pct_train_consistent": 209767.48436704418,
    "return_pct_test_consistent": 140.73872296203632,
    "suspicious_run": true
  }
}