{
  "created_at": "2025-08-21T01:35:17.613244+00:00",
  "objective": "multi",
  "selection": {
    "dd_cap_pct": 0.06,
    "best_trial": 146,
    "top_k": 3,
    "top_trials": [
      146,
      147,
      137
    ]
  },
  "train_bars": 1131000,
  "test_bars": 484544,
  "train_metrics": {
    "pnl": 1191825.2468358225,
    "return_pct": 59.59126234179099,
    "trades": 9176,
    "win_rate": 0.7585004359197908,
    "avg_trade": 129.88505305534247,
    "avg_trade_pct": 0.0004475322216172521,
    "max_drawdown": -6.172979430295527,
    "max_drawdown_pct": -5.463034032156502e-06,
    "final_equity": 1211825.2468358197,
    "wins": 6960,
    "losses": 2216
  },
  "test_metrics": {
    "pnl": 110713.6066296197,
    "return_pct": 5.535680331480982,
    "trades": 4259,
    "win_rate": 0.7884479924864992,
    "avg_trade": 25.995211699840265,
    "avg_trade_pct": 0.00044100164944351226,
    "max_drawdown": -0.4127377099794103,
    "max_drawdown_pct": -5.27926644615383e-06,
    "final_equity": 130713.60662961965,
    "wins": 3358,
    "losses": 901
  },
  "params": {
    "rsi_os": 12,
    "p_std": 13,
    "edge_cap": 0.2950140345998721,
    "strategy": "breakout",
    "rsi_required": true,
    "rsi_period": 58,
    "atr_max_pct": 0.0839766085960846,
    "adx_thresh": 17.071371159472335,
    "slip_spread_k": 0.17629194470687787,
    "tp_mult": 2.8718160753947117,
    "use_atr": true,
    "ema2": 58,
    "use_ema": false,
    "ema1": 12,
    "p_atr": 29,
    "rsi_ob": 69,
    "time_stop": 289,
    "use_spike": false,
    "p_adx": 29,
    "use_adx": false,
    "atr_min_pct": 0.011850435236627347,
    "p_sma": 40,
    "use_sma": false,
    "vol_spike": 0.0988675166258071,
    "spread_hl_frac": 0.0011062647909967913,
    "bb_std_mult": 1.2361528655133445,
    "edge_k": 1.019143976948307,
    "tsl_mult": 0.10915960501652357,
    "slip_atr_k": 0.00018401773767770562,
    "fee": 0.0,
    "rsi_key": "rsi58",
    "start_equity": 20000.0,
    "risk_per_trade": 0.001,
    "risk_stop_atr_mult": 1.0,
    "risk_min_stop_frac": 0.001,
    "daily_loss_limit_pct": 0.03,
    "cooldown_bars": 80,
    "fill_timing": "next_open",
    "bar_priority": "stop_first",
    "session_start": 0,
    "session_end": 24,
    "include_hours_set": "{13, 14, 15, 16, 17, 18, 19, 20, 22}",
    "max_consec_losses": 2,
    "lockout_bars": 180,
    "proba_temp": 1.0,
    "participation_cap": 1.0,
    "price_step": 0.0001,
    "qty_step": 0.0001,
    "min_notional": 5.0,
    "max_notional_pct_equity": 1.0,
    "sides": "long",
    "regime_adapt": true,
    "regime_fast": 50,
    "regime_slow": 200,
    "regime_band": 0.0,
    "round_exits": true,
    "stop_extra_slip": 0.0,
    "regime_overrides": {
      "bull": {
        "strategy": "mean_reversion",
        "bb_std_mult": 2.0169431746748376,
        "rsi_ob": 51,
        "rsi_os": 43,
        "tp_mult": 1.9194251920826044,
        "tsl_mult": 0.6891458682949287,
        "time_stop": 214,
        "use_ema": false,
        "use_adx": true,
        "use_atr": true,
        "rsi_required": false,
        "adx_thresh": 30.312193620918165,
        "atr_min_pct": 0.01765191613765407,
        "atr_max_pct": 0.05817423848665073
      },
      "sideways": {
        "strategy": "breakout",
        "bb_std_mult": 1.5828092896467827,
        "rsi_ob": 58,
        "rsi_os": 19,
        "tp_mult": 2.341879695778944,
        "tsl_mult": 0.651967765830165,
        "time_stop": 235,
        "use_ema": false,
        "use_adx": false,
        "use_atr": false,
        "rsi_required": true,
        "atr_min_pct": 0.015109626219893455,
        "atr_max_pct": 0.13630943049822583
      },
      "bear": {
        "strategy": "breakout",
        "bb_std_mult": 1.2571599337995167,
        "rsi_ob": 70,
        "rsi_os": 52,
        "tp_mult": 1.7149673432024581,
        "tsl_mult": 0.0004102131455224567,
        "time_stop": 122,
        "use_ema": false,
        "use_adx": false,
        "use_atr": false,
        "rsi_required": false,
        "adx_thresh": 31.238766665127454,
        "atr_min_pct": 0.026767463670604112,
        "atr_max_pct": 0.042481859768843486
      }
    },
    "slippage": 0.0,
    "select_top_k": 3,
    "aggregate_params": "median",
    "objective": "multi",
    "wfo_folds": 8,
    "embargo_bars": 300,
    "use_ml": false,
    "ml_thresh": 0.0
  },
  "guardrails": {
    "max_dd_pct_allowed": 0.06,
    "min_trades_lookback": 300,
    "daily_loss_limit_pct": 0.03,
    "cooldown_bars": 80,
    "fill_timing": "next_open",
    "bar_priority": "stop_first",
    "session_hours": [
      0,
      24
    ],
    "include_hours": [
      13,
      14,
      15,
      16,
      17,
      18,
      19,
      20,
      22
    ],
    "consec_loss_lockout": [
      2,
      180
    ],
    "sides": "long"
  },
  "regime": {
    "enabled": true,
    "fast": 50,
    "slow": 200,
    "band": 0.0,
    "overrides": {
      "bull": {
        "strategy": "mean_reversion",
        "bb_std_mult": 2.0169431746748376,
        "rsi_ob": 51,
        "rsi_os": 43,
        "tp_mult": 1.9194251920826044,
        "tsl_mult": 0.6891458682949287,
        "time_stop": 214,
        "use_ema": false,
        "use_adx": true,
        "use_atr": true,
        "rsi_required": false,
        "adx_thresh": 30.312193620918165,
        "atr_min_pct": 0.01765191613765407,
        "atr_max_pct": 0.05817423848665073
      },
      "sideways": {
        "strategy": "breakout",
        "bb_std_mult": 1.5828092896467827,
        "rsi_ob": 58,
        "rsi_os": 19,
        "tp_mult": 2.341879695778944,
        "tsl_mult": 0.651967765830165,
        "time_stop": 235,
        "use_ema": false,
        "use_adx": false,
        "use_atr": false,
        "rsi_required": true,
        "atr_min_pct": 0.015109626219893455,
        "atr_max_pct": 0.13630943049822583
      },
      "bear": {
        "strategy": "breakout",
        "bb_std_mult": 1.2571599337995167,
        "rsi_ob": 70,
        "rsi_os": 52,
        "tp_mult": 1.7149673432024581,
        "tsl_mult": 0.0004102131455224567,
        "time_stop": 122,
        "use_ema": false,
        "use_adx": false,
        "use_atr": false,
        "rsi_required": false,
        "adx_thresh": 31.238766665127454,
        "atr_min_pct": 0.026767463670604112,
        "atr_max_pct": 0.042481859768843486
      }
    }
  },
  "run_config": {
    "trials": 150,
    "n_jobs": 4,
    "seed": 101,
    "objective": "multi",
    "multi_objective": true,
    "train_frac": 0.7,
    "wfo_folds": 8,
    "embargo_bars": 300,
    "select_top_k": 3,
    "aggregate_params": "median",
    "start_equity": 20000.0,
    "fee": 0.0,
    "fixed_slippage": 0.0,
    "min_slippage": 0.0,
    "fill_timing": "next_open",
    "bar_priority": "stop_first",
    "session_start": 0,
    "session_end": 24,
    "include_hours": "13,14,15,16,17,18,19,20,22",
    "sides": "long",
    "regime_adapt": true,
    "regime_fast": 50,
    "regime_slow": 200,
    "regime_band": 0.0,
    "round_exits": true,
    "stop_extra_slip": 0.0
  },
  "metrics_consistent": {
    "return_pct_train_consistent": 59.59126234179112,
    "return_pct_test_consistent": 5.535680331480985,
    "suspicious_run": true
  }
}