{
  "created_at": "2025-08-22T00:10:21.635567+00:00",
  "objective": "multi",
  "selection": {
    "dd_cap_pct": 0.03,
    "best_trial": 319,
    "top_k": 5,
    "top_trials": [
      319,
      327,
      262,
      211,
      219
    ]
  },
  "train_bars": 1050243,
  "test_bars": 565401,
  "train_metrics": {
    "pnl": 517.8420784399985,
    "return_pct": 0.02589210392199992,
    "trades": 201,
    "win_rate": 0.40298507462686567,
    "avg_trade": 2.576328748457704,
    "avg_trade_pct": 0.00012735652539173133,
    "max_drawdown": -86.80087131000255,
    "max_drawdown_pct": -0.004258422340134018,
    "final_equity": 20517.84207844,
    "wins": 81,
    "losses": 120
  },
  "test_metrics": {
    "pnl": -98.12536748999517,
    "return_pct": -0.0049062683744998115,
    "trades": 104,
    "win_rate": 0.2403846153846154,
    "avg_trade": -0.9435131489422612,
    "avg_trade_pct": -4.723304839548481e-05,
    "max_drawdown": -111.54376012999637,
    "max_drawdown_pct": -0.005573486629684055,
    "final_equity": 19901.874632510004,
    "wins": 25,
    "losses": 79
  },
  "params": {
    "edge_cap": 0.9788020278924996,
    "tsl_mult": 0.49123198487068676,
    "atr_max_pct": 0.05969126075883605,
    "use_ema": false,
    "use_spike": false,
    "bb_std_mult": 3.2568551558025067,
    "use_atr": true,
    "rsi_period": 10,
    "adx_thresh": 11.098135230223756,
    "rsi_os": 7,
    "use_adx": false,
    "slip_atr_k": 0.0002615019153038246,
    "strategy": "mean_reversion",
    "rsi_ob": 68,
    "p_adx": 12,
    "p_sma": 5,
    "edge_k": 1.6066511667956993,
    "p_std": 53,
    "use_sma": true,
    "atr_min_pct": 0.010578146635112879,
    "spread_hl_frac": 0.010420181522629971,
    "slip_spread_k": 0.027679516324879267,
    "ema1": 14,
    "vol_spike": 0.2180554489144793,
    "rsi_required": true,
    "tp_mult": 1.1029891422565083,
    "time_stop": 24,
    "ema2": 46,
    "p_atr": 29,
    "fee": 0.0,
    "rsi_key": "rsi10",
    "start_equity": 20000.0,
    "risk_per_trade": 0.0006,
    "risk_stop_atr_mult": 1.0,
    "risk_min_stop_frac": 0.001,
    "daily_loss_limit_pct": 0.01,
    "cooldown_bars": 120,
    "fill_timing": "next_open",
    "bar_priority": "stop_first",
    "session_start": 0,
    "session_end": 24,
    "include_hours_set": "{20}",
    "max_consec_losses": 2,
    "lockout_bars": 60,
    "proba_temp": 1.0,
    "participation_cap": 0.1,
    "price_step": 0.0001,
    "qty_step": 0.0001,
    "min_notional": 5.0,
    "max_notional_pct_equity": 0.5,
    "sides": "long",
    "regime_adapt": true,
    "regime_fast": 50,
    "regime_slow": 200,
    "regime_band": 0.0,
    "round_exits": true,
    "stop_extra_slip": 0.0,
    "regime_overrides": {
      "bull": {
        "strategy": "mean_reversion",
        "bb_std_mult": 2.0169431746748376,
        "rsi_ob": 51,
        "rsi_os": 43,
        "tp_mult": 1.9194251920826044,
        "tsl_mult": 0.6891458682949287,
        "time_stop": 214,
        "use_ema": false,
        "use_adx": true,
        "use_atr": true,
        "rsi_required": false,
        "adx_thresh": 30.312193620918165,
        "atr_min_pct": 0.01765191613765407,
        "atr_max_pct": 0.05817423848665073
      },
      "sideways": {
        "strategy": "breakout",
        "bb_std_mult": 1.5828092896467827,
        "rsi_ob": 58,
        "rsi_os": 19,
        "tp_mult": 2.341879695778944,
        "tsl_mult": 0.651967765830165,
        "time_stop": 235,
        "use_ema": false,
        "use_adx": false,
        "use_atr": false,
        "rsi_required": true,
        "atr_min_pct": 0.015109626219893455,
        "atr_max_pct": 0.13630943049822583
      },
      "bear": {
        "strategy": "breakout",
        "bb_std_mult": 1.2571599337995167,
        "rsi_ob": 70,
        "rsi_os": 52,
        "tp_mult": 1.7149673432024581,
        "tsl_mult": 0.0004102131455224567,
        "time_stop": 122,
        "use_ema": false,
        "use_adx": false,
        "use_atr": false,
        "rsi_required": false,
        "adx_thresh": 31.238766665127454,
        "atr_min_pct": 0.026767463670604112,
        "atr_max_pct": 0.042481859768843486
      }
    },
    "slippage": 0.0006,
    "select_top_k": 5,
    "aggregate_params": "median",
    "objective": "multi",
    "wfo_folds": 10,
    "embargo_bars": 250,
    "use_ml": false,
    "ml_thresh": 0.0
  },
  "guardrails": {
    "max_dd_pct_allowed": 0.03,
    "min_trades_lookback": 60,
    "daily_loss_limit_pct": 0.01,
    "cooldown_bars": 120,
    "fill_timing": "next_open",
    "bar_priority": "stop_first",
    "session_hours": [
      0,
      24
    ],
    "include_hours": [
      20
    ],
    "consec_loss_lockout": [
      2,
      60
    ],
    "sides": "long"
  },
  "regime": {
    "enabled": true,
    "fast": 50,
    "slow": 200,
    "band": 0.0,
    "overrides": {
      "bull": {
        "strategy": "mean_reversion",
        "bb_std_mult": 2.0169431746748376,
        "rsi_ob": 51,
        "rsi_os": 43,
        "tp_mult": 1.9194251920826044,
        "tsl_mult": 0.6891458682949287,
        "time_stop": 214,
        "use_ema": false,
        "use_adx": true,
        "use_atr": true,
        "rsi_required": false,
        "adx_thresh": 30.312193620918165,
        "atr_min_pct": 0.01765191613765407,
        "atr_max_pct": 0.05817423848665073
      },
      "sideways": {
        "strategy": "breakout",
        "bb_std_mult": 1.5828092896467827,
        "rsi_ob": 58,
        "rsi_os": 19,
        "tp_mult": 2.341879695778944,
        "tsl_mult": 0.651967765830165,
        "time_stop": 235,
        "use_ema": false,
        "use_adx": false,
        "use_atr": false,
        "rsi_required": true,
        "atr_min_pct": 0.015109626219893455,
        "atr_max_pct": 0.13630943049822583
      },
      "bear": {
        "strategy": "breakout",
        "bb_std_mult": 1.2571599337995167,
        "rsi_ob": 70,
        "rsi_os": 52,
        "tp_mult": 1.7149673432024581,
        "tsl_mult": 0.0004102131455224567,
        "time_stop": 122,
        "use_ema": false,
        "use_adx": false,
        "use_atr": false,
        "rsi_required": false,
        "adx_thresh": 31.238766665127454,
        "atr_min_pct": 0.026767463670604112,
        "atr_max_pct": 0.042481859768843486
      }
    }
  },
  "run_config": {
    "trials": 350,
    "n_jobs": 4,
    "seed": 422,
    "objective": "multi",
    "multi_objective": true,
    "train_frac": 0.65,
    "wfo_folds": 10,
    "embargo_bars": 250,
    "select_top_k": 5,
    "aggregate_params": "median",
    "start_equity": 20000.0,
    "fee": 0.0,
    "fixed_slippage": 0.0006,
    "min_slippage": 0.0,
    "fill_timing": "next_open",
    "bar_priority": "stop_first",
    "session_start": 0,
    "session_end": 24,
    "include_hours": "20",
    "sides": "long",
    "regime_adapt": true,
    "regime_fast": 50,
    "regime_slow": 200,
    "regime_band": 0.5,
    "round_exits": true,
    "stop_extra_slip": 0.0
  },
  "metrics_consistent": {
    "return_pct_train_consistent": 0.025892103921999927,
    "return_pct_test_consistent": -0.0049062683744997585,
    "suspicious_run": false
  }
}