{
  "created_at": "2025-08-22T00:00:08.156190+00:00",
  "objective": "multi",
  "selection": {
    "dd_cap_pct": 0.03,
    "best_trial": 212,
    "top_k": 3,
    "top_trials": [
      212,
      193,
      173
    ]
  },
  "train_bars": 1050243,
  "test_bars": 565401,
  "train_metrics": {
    "pnl": 188.7821358599905,
    "return_pct": 0.00943910679299953,
    "trades": 164,
    "win_rate": 0.2804878048780488,
    "avg_trade": 1.1511105845121372,
    "avg_trade_pct": 5.748365717655769e-05,
    "max_drawdown": -77.07527859000402,
    "max_drawdown_pct": -0.0038133404560208965,
    "final_equity": 20188.78213585999,
    "wins": 46,
    "losses": 118
  },
  "test_metrics": {
    "pnl": -198.72150804999657,
    "return_pct": -0.009936075402499744,
    "trades": 89,
    "win_rate": 0.24719101123595505,
    "avg_trade": -2.232825933146029,
    "avg_trade_pct": -0.00011215964609420636,
    "max_drawdown": -203.46089647999543,
    "max_drawdown_pct": -0.010170634694579909,
    "final_equity": 19801.278491950005,
    "wins": 22,
    "losses": 67
  },
  "params": {
    "slip_spread_k": 0.7794018870832204,
    "adx_thresh": 34.42207618574158,
    "slip_atr_k": 0.0008964178720772299,
    "use_adx": true,
    "spread_hl_frac": 0.0021144468906228306,
    "rsi_period": 36,
    "p_sma": 5,
    "use_atr": true,
    "bb_std_mult": 0.6043516170438297,
    "p_adx": 11,
    "edge_cap": 0.8101687127185595,
    "p_atr": 24,
    "use_ema": false,
    "tsl_mult": 0.26837859336638564,
    "use_spike": false,
    "rsi_ob": 77,
    "ema1": 9,
    "p_std": 56,
    "atr_min_pct": 0.017218281902235053,
    "tp_mult": 1.124072221513394,
    "strategy": "breakout",
    "vol_spike": 0.05564148162712053,
    "rsi_required": true,
    "rsi_os": 12,
    "time_stop": 46,
    "edge_k": 1.6546574797845128,
    "ema2": 51,
    "atr_max_pct": 0.1105707851003333,
    "use_sma": false,
    "fee": 0.0,
    "rsi_key": "rsi36",
    "start_equity": 20000.0,
    "risk_per_trade": 0.0005,
    "risk_stop_atr_mult": 1.0,
    "risk_min_stop_frac": 0.001,
    "daily_loss_limit_pct": 0.01,
    "cooldown_bars": 120,
    "fill_timing": "next_open",
    "bar_priority": "stop_first",
    "session_start": 0,
    "session_end": 24,
    "include_hours_set": "{19}",
    "max_consec_losses": 2,
    "lockout_bars": 60,
    "proba_temp": 1.0,
    "participation_cap": 0.1,
    "price_step": 0.0001,
    "qty_step": 0.0001,
    "min_notional": 5.0,
    "max_notional_pct_equity": 0.5,
    "sides": "long",
    "regime_adapt": true,
    "regime_fast": 50,
    "regime_slow": 200,
    "regime_band": 0.0,
    "round_exits": true,
    "stop_extra_slip": 0.0,
    "regime_overrides": {
      "bull": {
        "strategy": "mean_reversion",
        "bb_std_mult": 2.0169431746748376,
        "rsi_ob": 51,
        "rsi_os": 43,
        "tp_mult": 1.9194251920826044,
        "tsl_mult": 0.6891458682949287,
        "time_stop": 214,
        "use_ema": false,
        "use_adx": true,
        "use_atr": true,
        "rsi_required": false,
        "adx_thresh": 30.312193620918165,
        "atr_min_pct": 0.01765191613765407,
        "atr_max_pct": 0.05817423848665073
      },
      "sideways": {
        "strategy": "breakout",
        "bb_std_mult": 1.5828092896467827,
        "rsi_ob": 58,
        "rsi_os": 19,
        "tp_mult": 2.341879695778944,
        "tsl_mult": 0.651967765830165,
        "time_stop": 235,
        "use_ema": false,
        "use_adx": false,
        "use_atr": false,
        "rsi_required": true,
        "atr_min_pct": 0.015109626219893455,
        "atr_max_pct": 0.13630943049822583
      },
      "bear": {
        "strategy": "breakout",
        "bb_std_mult": 1.2571599337995167,
        "rsi_ob": 70,
        "rsi_os": 52,
        "tp_mult": 1.7149673432024581,
        "tsl_mult": 0.0004102131455224567,
        "time_stop": 122,
        "use_ema": false,
        "use_adx": false,
        "use_atr": false,
        "rsi_required": false,
        "adx_thresh": 31.238766665127454,
        "atr_min_pct": 0.026767463670604112,
        "atr_max_pct": 0.042481859768843486
      }
    },
    "slippage": 0.0006,
    "select_top_k": 3,
    "aggregate_params": "median",
    "objective": "multi",
    "wfo_folds": 10,
    "embargo_bars": 250,
    "use_ml": false,
    "ml_thresh": 0.0
  },
  "guardrails": {
    "max_dd_pct_allowed": 0.03,
    "min_trades_lookback": 40,
    "daily_loss_limit_pct": 0.01,
    "cooldown_bars": 120,
    "fill_timing": "next_open",
    "bar_priority": "stop_first",
    "session_hours": [
      0,
      24
    ],
    "include_hours": [
      19
    ],
    "consec_loss_lockout": [
      2,
      60
    ],
    "sides": "long"
  },
  "regime": {
    "enabled": true,
    "fast": 50,
    "slow": 200,
    "band": 0.0,
    "overrides": {
      "bull": {
        "strategy": "mean_reversion",
        "bb_std_mult": 2.0169431746748376,
        "rsi_ob": 51,
        "rsi_os": 43,
        "tp_mult": 1.9194251920826044,
        "tsl_mult": 0.6891458682949287,
        "time_stop": 214,
        "use_ema": false,
        "use_adx": true,
        "use_atr": true,
        "rsi_required": false,
        "adx_thresh": 30.312193620918165,
        "atr_min_pct": 0.01765191613765407,
        "atr_max_pct": 0.05817423848665073
      },
      "sideways": {
        "strategy": "breakout",
        "bb_std_mult": 1.5828092896467827,
        "rsi_ob": 58,
        "rsi_os": 19,
        "tp_mult": 2.341879695778944,
        "tsl_mult": 0.651967765830165,
        "time_stop": 235,
        "use_ema": false,
        "use_adx": false,
        "use_atr": false,
        "rsi_required": true,
        "atr_min_pct": 0.015109626219893455,
        "atr_max_pct": 0.13630943049822583
      },
      "bear": {
        "strategy": "breakout",
        "bb_std_mult": 1.2571599337995167,
        "rsi_ob": 70,
        "rsi_os": 52,
        "tp_mult": 1.7149673432024581,
        "tsl_mult": 0.0004102131455224567,
        "time_stop": 122,
        "use_ema": false,
        "use_adx": false,
        "use_atr": false,
        "rsi_required": false,
        "adx_thresh": 31.238766665127454,
        "atr_min_pct": 0.026767463670604112,
        "atr_max_pct": 0.042481859768843486
      }
    }
  },
  "run_config": {
    "trials": 250,
    "n_jobs": 4,
    "seed": 423,
    "objective": "multi",
    "multi_objective": true,
    "train_frac": 0.65,
    "wfo_folds": 10,
    "embargo_bars": 250,
    "select_top_k": 3,
    "aggregate_params": "median",
    "start_equity": 20000.0,
    "fee": 0.0,
    "fixed_slippage": 0.0006,
    "min_slippage": 0.0,
    "fill_timing": "next_open",
    "bar_priority": "stop_first",
    "session_start": 0,
    "session_end": 24,
    "include_hours": "19",
    "sides": "long",
    "regime_adapt": true,
    "regime_fast": 50,
    "regime_slow": 200,
    "regime_band": 0.5,
    "round_exits": true,
    "stop_extra_slip": 0.0
  },
  "metrics_consistent": {
    "return_pct_train_consistent": 0.009439106792999525,
    "return_pct_test_consistent": -0.00993607540249983,
    "suspicious_run": false
  }
}