{
  "created_at": "2025-08-22T15:26:44.414072+00:00",
  "objective": "multi",
  "selection": {
    "dd_cap_pct": 0.04,
    "best_trial": 198,
    "top_k": 3,
    "top_trials": [
      198,
      136,
      199
    ]
  },
  "train_bars": 1131000,
  "test_bars": 484544,
  "train_metrics": {
    "pnl": 1357.655711830008,
    "return_pct": 0.0678827855915003,
    "trades": 367,
    "win_rate": 0.33787465940054495,
    "avg_trade": 3.699334364659422,
    "avg_trade_pct": 0.00017947443235210114,
    "max_drawdown": -130.42997881999327,
    "max_drawdown_pct": -0.00618072969930655,
    "final_equity": 21357.655711830008,
    "wins": 124,
    "losses": 243
  },
  "test_metrics": {
    "pnl": 744.1928416199987,
    "return_pct": 0.03720964208099997,
    "trades": 143,
    "win_rate": 0.3706293706293706,
    "avg_trade": 5.2041457455943965,
    "avg_trade_pct": 0.0002561556937230171,
    "max_drawdown": -69.91084947000127,
    "max_drawdown_pct": -0.003404502706237155,
    "final_equity": 20744.19284162,
    "wins": 53,
    "losses": 90
  },
  "params": {
    "slip_spread_k": 0.08506946325231009,
    "p_sma": 10,
    "spread_hl_frac": 0.015642103607485313,
    "adx_thresh": 6.096763815650244,
    "bb_std_mult": 1.1101656115172513,
    "edge_k": 1.7469355739621064,
    "atr_min_pct": 0.004823762535494318,
    "atr_max_pct": 0.023749781270622834,
    "edge_cap": 0.6787324149775564,
    "rsi_required": true,
    "tp_mult": 2.7567652290267834,
    "use_ema": true,
    "p_atr": 20,
    "strategy": "mean_reversion",
    "p_std": 56,
    "rsi_os": 11,
    "time_stop": 164,
    "use_sma": false,
    "use_atr": false,
    "use_spike": true,
    "rsi_period": 14,
    "rsi_ob": 61,
    "vol_spike": 0.05191188458036557,
    "ema2": 43,
    "slip_atr_k": 0.004018557137138844,
    "p_adx": 9,
    "ema1": 19,
    "use_adx": true,
    "tsl_mult": 0.5590901362280882,
    "fee": 0.0,
    "rsi_key": "rsi14",
    "start_equity": 20000.0,
    "risk_per_trade": 0.00135,
    "risk_stop_atr_mult": 1.0,
    "risk_min_stop_frac": 0.001,
    "daily_loss_limit_pct": 0.01,
    "cooldown_bars": 120,
    "fill_timing": "next_open",
    "bar_priority": "stop_first",
    "session_start": 0,
    "session_end": 24,
    "include_hours_set": "{16}",
    "max_consec_losses": 2,
    "lockout_bars": 60,
    "proba_temp": 1.0,
    "participation_cap": 0.1,
    "price_step": 0.0001,
    "qty_step": 0.0001,
    "min_notional": 5.0,
    "max_notional_pct_equity": 0.5,
    "sides": "short",
    "regime_adapt": true,
    "regime_fast": 50,
    "regime_slow": 200,
    "regime_band": 0.0,
    "round_exits": true,
    "stop_extra_slip": 0.0,
    "regime_overrides": {
      "bull": {
        "strategy": "mean_reversion",
        "bb_std_mult": 2.0169431746748376,
        "rsi_ob": 51,
        "rsi_os": 43,
        "tp_mult": 1.9194251920826044,
        "tsl_mult": 0.6891458682949287,
        "time_stop": 214,
        "use_ema": false,
        "use_adx": true,
        "use_atr": true,
        "rsi_required": false,
        "adx_thresh": 30.312193620918165,
        "atr_min_pct": 0.01765191613765407,
        "atr_max_pct": 0.05817423848665073
      },
      "sideways": {
        "strategy": "breakout",
        "bb_std_mult": 1.5828092896467827,
        "rsi_ob": 58,
        "rsi_os": 19,
        "tp_mult": 2.341879695778944,
        "tsl_mult": 0.651967765830165,
        "time_stop": 235,
        "use_ema": false,
        "use_adx": false,
        "use_atr": false,
        "rsi_required": true,
        "atr_min_pct": 0.015109626219893455,
        "atr_max_pct": 0.13630943049822583
      },
      "bear": {
        "strategy": "breakout",
        "bb_std_mult": 1.2571599337995167,
        "rsi_ob": 70,
        "rsi_os": 52,
        "tp_mult": 1.7149673432024581,
        "tsl_mult": 0.0004102131455224567,
        "time_stop": 122,
        "use_ema": false,
        "use_adx": false,
        "use_atr": false,
        "rsi_required": false,
        "adx_thresh": 31.238766665127454,
        "atr_min_pct": 0.026767463670604112,
        "atr_max_pct": 0.042481859768843486
      }
    },
    "slippage": 0.0006,
    "select_top_k": 3,
    "aggregate_params": "median",
    "objective": "multi",
    "wfo_folds": 8,
    "embargo_bars": 300,
    "use_ml": false,
    "ml_thresh": 0.0
  },
  "guardrails": {
    "max_dd_pct_allowed": 0.04,
    "min_trades_lookback": 75,
    "daily_loss_limit_pct": 0.01,
    "cooldown_bars": 120,
    "fill_timing": "next_open",
    "bar_priority": "stop_first",
    "session_hours": [
      0,
      24
    ],
    "include_hours": [
      16
    ],
    "consec_loss_lockout": [
      2,
      60
    ],
    "sides": "short"
  },
  "regime": {
    "enabled": true,
    "fast": 50,
    "slow": 200,
    "band": 0.0,
    "overrides": {
      "bull": {
        "strategy": "mean_reversion",
        "bb_std_mult": 2.0169431746748376,
        "rsi_ob": 51,
        "rsi_os": 43,
        "tp_mult": 1.9194251920826044,
        "tsl_mult": 0.6891458682949287,
        "time_stop": 214,
        "use_ema": false,
        "use_adx": true,
        "use_atr": true,
        "rsi_required": false,
        "adx_thresh": 30.312193620918165,
        "atr_min_pct": 0.01765191613765407,
        "atr_max_pct": 0.05817423848665073
      },
      "sideways": {
        "strategy": "breakout",
        "bb_std_mult": 1.5828092896467827,
        "rsi_ob": 58,
        "rsi_os": 19,
        "tp_mult": 2.341879695778944,
        "tsl_mult": 0.651967765830165,
        "time_stop": 235,
        "use_ema": false,
        "use_adx": false,
        "use_atr": false,
        "rsi_required": true,
        "atr_min_pct": 0.015109626219893455,
        "atr_max_pct": 0.13630943049822583
      },
      "bear": {
        "strategy": "breakout",
        "bb_std_mult": 1.2571599337995167,
        "rsi_ob": 70,
        "rsi_os": 52,
        "tp_mult": 1.7149673432024581,
        "tsl_mult": 0.0004102131455224567,
        "time_stop": 122,
        "use_ema": false,
        "use_adx": false,
        "use_atr": false,
        "rsi_required": false,
        "adx_thresh": 31.238766665127454,
        "atr_min_pct": 0.026767463670604112,
        "atr_max_pct": 0.042481859768843486
      }
    }
  },
  "run_config": {
    "trials": 350,
    "n_jobs": 4,
    "seed": 101,
    "objective": "multi",
    "multi_objective": true,
    "train_frac": 0.7,
    "wfo_folds": 8,
    "embargo_bars": 300,
    "select_top_k": 3,
    "aggregate_params": "median",
    "start_equity": 20000.0,
    "fee": 0.0,
    "fixed_slippage": 0.0006,
    "min_slippage": 0.0,
    "fill_timing": "next_open",
    "bar_priority": "stop_first",
    "session_start": 0,
    "session_end": 24,
    "include_hours": "16",
    "sides": "short",
    "regime_adapt": false,
    "regime_fast": 50,
    "regime_slow": 200,
    "regime_band": 0.0,
    "round_exits": true,
    "stop_extra_slip": 0.0
  },
  "metrics_consistent": {
    "return_pct_train_consistent": 0.06788278559150039,
    "return_pct_test_consistent": 0.03720964208099994,
    "suspicious_run": false
  }
}