{
  "created_at": "2025-08-22T02:01:54.838540+00:00",
  "objective": "multi",
  "selection": {
    "dd_cap_pct": 0.04,
    "best_trial": 171,
    "top_k": 3,
    "top_trials": [
      171,
      169,
      170
    ]
  },
  "train_bars": 969386,
  "test_bars": 646158,
  "train_metrics": {
    "pnl": 1359.135704139982,
    "return_pct": 0.0679567852069991,
    "trades": 243,
    "win_rate": 0.3868312757201646,
    "avg_trade": 5.593151045843547,
    "avg_trade_pct": 0.0002712267260620218,
    "max_drawdown": -89.77331703000164,
    "max_drawdown_pct": -0.004265592171445327,
    "final_equity": 21359.135704139982,
    "wins": 94,
    "losses": 149
  },
  "test_metrics": {
    "pnl": 556.2230938699955,
    "return_pct": 0.027811154693499596,
    "trades": 137,
    "win_rate": 0.35766423357664234,
    "avg_trade": 4.060022582992668,
    "avg_trade_pct": 0.00020081494910268057,
    "max_drawdown": -135.85467115999927,
    "max_drawdown_pct": -0.006647595167907385,
    "final_equity": 20556.223093869994,
    "wins": 49,
    "losses": 88
  },
  "params": {
    "atr_min_pct": 0.005218441943664062,
    "p_sma": 7,
    "use_ema": true,
    "use_atr": false,
    "edge_k": 0.493028325805342,
    "bb_std_mult": 0.7790519288447972,
    "spread_hl_frac": 0.00011214180591478086,
    "time_stop": 91,
    "p_atr": 30,
    "adx_thresh": 8.754918445123645,
    "p_std": 60,
    "edge_cap": 0.6063195015931603,
    "p_adx": 19,
    "strategy": "breakout",
    "rsi_os": 48,
    "rsi_required": true,
    "slip_atr_k": 0.0014581934260730232,
    "vol_spike": 0.05501533492990639,
    "tsl_mult": 0.10718940259940933,
    "atr_max_pct": 0.03234328469008129,
    "rsi_period": 28,
    "tp_mult": 2.2960985837008008,
    "slip_spread_k": 0.2869247193015412,
    "ema1": 18,
    "use_adx": false,
    "use_spike": false,
    "rsi_ob": 78,
    "use_sma": false,
    "ema2": 59,
    "fee": 0.0,
    "rsi_key": "rsi28",
    "start_equity": 20000.0,
    "risk_per_trade": 0.0015,
    "risk_stop_atr_mult": 1.0,
    "risk_min_stop_frac": 0.001,
    "daily_loss_limit_pct": 0.01,
    "cooldown_bars": 120,
    "fill_timing": "next_open",
    "bar_priority": "stop_first",
    "session_start": 0,
    "session_end": 24,
    "include_hours_set": "{16}",
    "max_consec_losses": 2,
    "lockout_bars": 60,
    "proba_temp": 1.0,
    "participation_cap": 0.1,
    "price_step": 0.0001,
    "qty_step": 0.0001,
    "min_notional": 5.0,
    "max_notional_pct_equity": 0.5,
    "sides": "short",
    "regime_adapt": true,
    "regime_fast": 50,
    "regime_slow": 200,
    "regime_band": 0.0,
    "round_exits": true,
    "stop_extra_slip": 0.0,
    "regime_overrides": {
      "bull": {
        "strategy": "mean_reversion",
        "bb_std_mult": 2.0169431746748376,
        "rsi_ob": 51,
        "rsi_os": 43,
        "tp_mult": 1.9194251920826044,
        "tsl_mult": 0.6891458682949287,
        "time_stop": 214,
        "use_ema": false,
        "use_adx": true,
        "use_atr": true,
        "rsi_required": false,
        "adx_thresh": 30.312193620918165,
        "atr_min_pct": 0.01765191613765407,
        "atr_max_pct": 0.05817423848665073
      },
      "sideways": {
        "strategy": "breakout",
        "bb_std_mult": 1.5828092896467827,
        "rsi_ob": 58,
        "rsi_os": 19,
        "tp_mult": 2.341879695778944,
        "tsl_mult": 0.651967765830165,
        "time_stop": 235,
        "use_ema": false,
        "use_adx": false,
        "use_atr": false,
        "rsi_required": true,
        "atr_min_pct": 0.015109626219893455,
        "atr_max_pct": 0.13630943049822583
      },
      "bear": {
        "strategy": "breakout",
        "bb_std_mult": 1.2571599337995167,
        "rsi_ob": 70,
        "rsi_os": 52,
        "tp_mult": 1.7149673432024581,
        "tsl_mult": 0.0004102131455224567,
        "time_stop": 122,
        "use_ema": false,
        "use_adx": false,
        "use_atr": false,
        "rsi_required": false,
        "adx_thresh": 31.238766665127454,
        "atr_min_pct": 0.026767463670604112,
        "atr_max_pct": 0.042481859768843486
      }
    },
    "slippage": 0.0006,
    "select_top_k": 3,
    "aggregate_params": "median",
    "objective": "multi",
    "wfo_folds": 10,
    "embargo_bars": 300,
    "use_ml": false,
    "ml_thresh": 0.0
  },
  "guardrails": {
    "max_dd_pct_allowed": 0.04,
    "min_trades_lookback": 120,
    "daily_loss_limit_pct": 0.01,
    "cooldown_bars": 120,
    "fill_timing": "next_open",
    "bar_priority": "stop_first",
    "session_hours": [
      0,
      24
    ],
    "include_hours": [
      16
    ],
    "consec_loss_lockout": [
      2,
      60
    ],
    "sides": "short"
  },
  "regime": {
    "enabled": true,
    "fast": 50,
    "slow": 200,
    "band": 0.0,
    "overrides": {
      "bull": {
        "strategy": "mean_reversion",
        "bb_std_mult": 2.0169431746748376,
        "rsi_ob": 51,
        "rsi_os": 43,
        "tp_mult": 1.9194251920826044,
        "tsl_mult": 0.6891458682949287,
        "time_stop": 214,
        "use_ema": false,
        "use_adx": true,
        "use_atr": true,
        "rsi_required": false,
        "adx_thresh": 30.312193620918165,
        "atr_min_pct": 0.01765191613765407,
        "atr_max_pct": 0.05817423848665073
      },
      "sideways": {
        "strategy": "breakout",
        "bb_std_mult": 1.5828092896467827,
        "rsi_ob": 58,
        "rsi_os": 19,
        "tp_mult": 2.341879695778944,
        "tsl_mult": 0.651967765830165,
        "time_stop": 235,
        "use_ema": false,
        "use_adx": false,
        "use_atr": false,
        "rsi_required": true,
        "atr_min_pct": 0.015109626219893455,
        "atr_max_pct": 0.13630943049822583
      },
      "bear": {
        "strategy": "breakout",
        "bb_std_mult": 1.2571599337995167,
        "rsi_ob": 70,
        "rsi_os": 52,
        "tp_mult": 1.7149673432024581,
        "tsl_mult": 0.0004102131455224567,
        "time_stop": 122,
        "use_ema": false,
        "use_adx": false,
        "use_atr": false,
        "rsi_required": false,
        "adx_thresh": 31.238766665127454,
        "atr_min_pct": 0.026767463670604112,
        "atr_max_pct": 0.042481859768843486
      }
    }
  },
  "run_config": {
    "trials": 350,
    "n_jobs": 4,
    "seed": 101,
    "objective": "multi",
    "multi_objective": true,
    "train_frac": 0.6,
    "wfo_folds": 10,
    "embargo_bars": 300,
    "select_top_k": 3,
    "aggregate_params": "median",
    "start_equity": 20000.0,
    "fee": 0.0,
    "fixed_slippage": 0.0006,
    "min_slippage": 0.0,
    "fill_timing": "next_open",
    "bar_priority": "stop_first",
    "session_start": 0,
    "session_end": 24,
    "include_hours": "16",
    "sides": "short",
    "regime_adapt": true,
    "regime_fast": 60,
    "regime_slow": 400,
    "regime_band": 0.35,
    "round_exits": true,
    "stop_extra_slip": 0.0
  },
  "metrics_consistent": {
    "return_pct_train_consistent": 0.0679567852069991,
    "return_pct_test_consistent": 0.027811154693499776,
    "suspicious_run": false
  }
}