{
  "created_at": "2025-08-21T10:52:01.248402+00:00",
  "objective": "multi",
  "selection": {
    "dd_cap_pct": 0.06,
    "best_trial": 44,
    "top_k": 5,
    "top_trials": [
      44,
      19,
      34,
      122,
      18
    ]
  },
  "train_bars": 1131000,
  "test_bars": 484544,
  "train_metrics": {
    "pnl": 3428.320298800003,
    "return_pct": 0.17141601494000014,
    "trades": 1029,
    "win_rate": 0.5490767735665695,
    "avg_trade": 3.3317009706511205,
    "avg_trade_pct": 0.00015397322818170233,
    "max_drawdown": -638.4919650999982,
    "max_drawdown_pct": -0.03147018096831667,
    "final_equity": 23428.3202988,
    "wins": 565,
    "losses": 464
  },
  "test_metrics": {
    "pnl": -602.0833565000052,
    "return_pct": -0.03010416782500036,
    "trades": 90,
    "win_rate": 0.25555555555555554,
    "avg_trade": -6.689815072222279,
    "avg_trade_pct": -0.00033939838650074876,
    "max_drawdown": -610.0459917800072,
    "max_drawdown_pct": -0.03049016048762078,
    "final_equity": 19397.916643499993,
    "wins": 23,
    "losses": 67
  },
  "params": {
    "spread_hl_frac": 0.0024723491321406773,
    "slip_atr_k": 0.0010086620614298482,
    "rsi_os": 31,
    "use_ema": false,
    "p_sma": 5,
    "strategy": "mean_reversion",
    "bb_std_mult": 2.4336437984664387,
    "p_adx": 30,
    "time_stop": 108,
    "use_adx": false,
    "tsl_mult": 0.3045652126358469,
    "vol_spike": 0.07473142614280706,
    "use_atr": true,
    "rsi_required": true,
    "use_spike": true,
    "rsi_ob": 94,
    "edge_cap": 0.39385444324116065,
    "p_atr": 24,
    "edge_k": 1.2759708944780226,
    "ema1": 19,
    "use_sma": true,
    "atr_min_pct": 0.010983179571487745,
    "p_std": 7,
    "adx_thresh": 20.621604694686617,
    "ema2": 31,
    "slip_spread_k": 0.4918676075043003,
    "tp_mult": 2.7907915578082383,
    "rsi_period": 68,
    "atr_max_pct": 0.05753824057391611,
    "fee": 0.0,
    "rsi_key": "rsi68",
    "start_equity": 20000.0,
    "risk_per_trade": 0.001,
    "risk_stop_atr_mult": 1.0,
    "risk_min_stop_frac": 0.001,
    "daily_loss_limit_pct": 0.03,
    "cooldown_bars": 80,
    "fill_timing": "next_open",
    "bar_priority": "stop_first",
    "session_start": 0,
    "session_end": 24,
    "include_hours_set": "{7, 8, 9, 10, 11, 12}",
    "max_consec_losses": 2,
    "lockout_bars": 180,
    "proba_temp": 1.0,
    "participation_cap": 1.0,
    "price_step": 0.0001,
    "qty_step": 0.0001,
    "min_notional": 5.0,
    "max_notional_pct_equity": 1.0,
    "sides": "both",
    "regime_adapt": true,
    "regime_fast": 50,
    "regime_slow": 200,
    "regime_band": 0.0,
    "round_exits": true,
    "stop_extra_slip": 0.0,
    "regime_overrides": {
      "bull": {
        "strategy": "mean_reversion",
        "bb_std_mult": 2.0169431746748376,
        "rsi_ob": 51,
        "rsi_os": 43,
        "tp_mult": 1.9194251920826044,
        "tsl_mult": 0.6891458682949287,
        "time_stop": 214,
        "use_ema": false,
        "use_adx": true,
        "use_atr": true,
        "rsi_required": false,
        "adx_thresh": 30.312193620918165,
        "atr_min_pct": 0.01765191613765407,
        "atr_max_pct": 0.05817423848665073
      },
      "sideways": {
        "strategy": "breakout",
        "bb_std_mult": 1.5828092896467827,
        "rsi_ob": 58,
        "rsi_os": 19,
        "tp_mult": 2.341879695778944,
        "tsl_mult": 0.651967765830165,
        "time_stop": 235,
        "use_ema": false,
        "use_adx": false,
        "use_atr": false,
        "rsi_required": true,
        "atr_min_pct": 0.015109626219893455,
        "atr_max_pct": 0.13630943049822583
      },
      "bear": {
        "strategy": "breakout",
        "bb_std_mult": 1.2571599337995167,
        "rsi_ob": 70,
        "rsi_os": 52,
        "tp_mult": 1.7149673432024581,
        "tsl_mult": 0.0004102131455224567,
        "time_stop": 122,
        "use_ema": false,
        "use_adx": false,
        "use_atr": false,
        "rsi_required": false,
        "adx_thresh": 31.238766665127454,
        "atr_min_pct": 0.026767463670604112,
        "atr_max_pct": 0.042481859768843486
      }
    },
    "slippage": 0.0006,
    "select_top_k": 5,
    "aggregate_params": "median",
    "objective": "multi",
    "wfo_folds": 8,
    "embargo_bars": 300,
    "use_ml": false,
    "ml_thresh": 0.0
  },
  "guardrails": {
    "max_dd_pct_allowed": 0.06,
    "min_trades_lookback": 400,
    "daily_loss_limit_pct": 0.03,
    "cooldown_bars": 80,
    "fill_timing": "next_open",
    "bar_priority": "stop_first",
    "session_hours": [
      0,
      24
    ],
    "include_hours": [
      7,
      8,
      9,
      10,
      11,
      12
    ],
    "consec_loss_lockout": [
      2,
      180
    ],
    "sides": "both"
  },
  "regime": {
    "enabled": true,
    "fast": 50,
    "slow": 200,
    "band": 0.0,
    "overrides": {
      "bull": {
        "strategy": "mean_reversion",
        "bb_std_mult": 2.0169431746748376,
        "rsi_ob": 51,
        "rsi_os": 43,
        "tp_mult": 1.9194251920826044,
        "tsl_mult": 0.6891458682949287,
        "time_stop": 214,
        "use_ema": false,
        "use_adx": true,
        "use_atr": true,
        "rsi_required": false,
        "adx_thresh": 30.312193620918165,
        "atr_min_pct": 0.01765191613765407,
        "atr_max_pct": 0.05817423848665073
      },
      "sideways": {
        "strategy": "breakout",
        "bb_std_mult": 1.5828092896467827,
        "rsi_ob": 58,
        "rsi_os": 19,
        "tp_mult": 2.341879695778944,
        "tsl_mult": 0.651967765830165,
        "time_stop": 235,
        "use_ema": false,
        "use_adx": false,
        "use_atr": false,
        "rsi_required": true,
        "atr_min_pct": 0.015109626219893455,
        "atr_max_pct": 0.13630943049822583
      },
      "bear": {
        "strategy": "breakout",
        "bb_std_mult": 1.2571599337995167,
        "rsi_ob": 70,
        "rsi_os": 52,
        "tp_mult": 1.7149673432024581,
        "tsl_mult": 0.0004102131455224567,
        "time_stop": 122,
        "use_ema": false,
        "use_adx": false,
        "use_atr": false,
        "rsi_required": false,
        "adx_thresh": 31.238766665127454,
        "atr_min_pct": 0.026767463670604112,
        "atr_max_pct": 0.042481859768843486
      }
    }
  },
  "run_config": {
    "trials": 150,
    "n_jobs": 4,
    "seed": 101,
    "objective": "multi",
    "multi_objective": true,
    "train_frac": 0.7,
    "wfo_folds": 8,
    "embargo_bars": 300,
    "select_top_k": 5,
    "aggregate_params": "median",
    "start_equity": 20000.0,
    "fee": 0.0,
    "fixed_slippage": 0.0006,
    "min_slippage": 0.0,
    "fill_timing": "next_open",
    "bar_priority": "stop_first",
    "session_start": 0,
    "session_end": 24,
    "include_hours": "7,8,9,10,11,12",
    "sides": "both",
    "regime_adapt": true,
    "regime_fast": 50,
    "regime_slow": 200,
    "regime_band": 0.0,
    "round_exits": true,
    "stop_extra_slip": 0.0
  },
  "metrics_consistent": {
    "return_pct_train_consistent": 0.17141601494000014,
    "return_pct_test_consistent": -0.030104167825000257,
    "suspicious_run": false
  }
}