{
  "created_at": "2025-08-21T10:05:17.501396+00:00",
  "objective": "multi",
  "selection": {
    "dd_cap_pct": 0.1,
    "best_trial": 225,
    "top_k": 1,
    "top_trials": [
      225
    ]
  },
  "train_bars": 1131150,
  "test_bars": 484694,
  "train_metrics": {
    "pnl": -16704.402226359933,
    "return_pct": -0.8352201113179991,
    "trades": 2523,
    "win_rate": 0.33650416171224734,
    "avg_trade": -6.620849079017017,
    "avg_trade_pct": -0.0007077594819815643,
    "max_drawdown": -27562.511570900067,
    "max_drawdown_pct": -0.893201565369943,
    "final_equity": 3295.5977736400164,
    "wins": 849,
    "losses": 1674
  },
  "test_metrics": {
    "pnl": -11766.46248874004,
    "return_pct": -0.5883231244370024,
    "trades": 974,
    "win_rate": 0.3049281314168378,
    "avg_trade": -12.080556969958973,
    "avg_trade_pct": -0.0009039816382561424,
    "max_drawdown": -12356.458615880036,
    "max_drawdown_pct": -0.6157300053830026,
    "final_equity": 8233.537511259952,
    "wins": 297,
    "losses": 677
  },
  "params": {
    "p_sma": 5,
    "p_std": 59,
    "p_atr": 27,
    "p_adx": 23,
    "rsi_period": 37,
    "ema1": 23,
    "ema2": 41,
    "slip_atr_k": 0.00015959182616920477,
    "slip_spread_k": 0.3515961907450756,
    "spread_hl_frac": 0.013861631299845575,
    "bb_std_mult": 0.5668621335744405,
    "rsi_os": 11,
    "rsi_ob": 79,
    "vol_spike": 0.279792282212055,
    "adx_thresh": 21.90452394256841,
    "atr_min_pct": 0.017316747583776097,
    "atr_max_pct": 0.08423850532220906,
    "tp_mult": 2.839651304841571,
    "tsl_mult": 0.865007206825928,
    "strategy": "breakout",
    "time_stop": 157,
    "use_sma": true,
    "use_atr": true,
    "use_adx": true,
    "use_ema": true,
    "use_spike": false,
    "rsi_required": false,
    "edge_k": 0.7118425336653292,
    "edge_cap": 0.29008004026842243,
    "fee": 0.0,
    "rsi_key": "rsi37",
    "start_equity": 20000.0,
    "risk_per_trade": 0.004,
    "risk_stop_atr_mult": 1.0,
    "risk_min_stop_frac": 0.001,
    "daily_loss_limit_pct": 0.03,
    "cooldown_bars": 60,
    "fill_timing": "next_open",
    "bar_priority": "tp_first",
    "session_start": 0,
    "session_end": 24,
    "include_hours_set": "{13, 14, 15, 16, 17, 18, 19, 20, 22}",
    "max_consec_losses": 3,
    "lockout_bars": 150,
    "proba_temp": 1.0,
    "participation_cap": 1.0,
    "price_step": 0.0001,
    "qty_step": 0.0001,
    "min_notional": 5.0,
    "max_notional_pct_equity": 1.0,
    "sides": "both",
    "regime_adapt": true,
    "regime_fast": 50,
    "regime_slow": 200,
    "regime_band": 0.0,
    "round_exits": true,
    "stop_extra_slip": 0.0,
    "regime_overrides": {
      "bull": {
        "strategy": "mean_reversion",
        "bb_std_mult": 2.0169431746748376,
        "rsi_ob": 51,
        "rsi_os": 43,
        "tp_mult": 1.9194251920826044,
        "tsl_mult": 0.6891458682949287,
        "time_stop": 214,
        "use_ema": false,
        "use_adx": true,
        "use_atr": true,
        "rsi_required": false,
        "adx_thresh": 30.312193620918165,
        "atr_min_pct": 0.01765191613765407,
        "atr_max_pct": 0.05817423848665073
      },
      "sideways": {
        "strategy": "breakout",
        "bb_std_mult": 1.5828092896467827,
        "rsi_ob": 58,
        "rsi_os": 19,
        "tp_mult": 2.341879695778944,
        "tsl_mult": 0.651967765830165,
        "time_stop": 235,
        "use_ema": false,
        "use_adx": false,
        "use_atr": false,
        "rsi_required": true,
        "atr_min_pct": 0.015109626219893455,
        "atr_max_pct": 0.13630943049822583
      },
      "bear": {
        "strategy": "breakout",
        "bb_std_mult": 1.2571599337995167,
        "rsi_ob": 70,
        "rsi_os": 52,
        "tp_mult": 1.7149673432024581,
        "tsl_mult": 0.0004102131455224567,
        "time_stop": 122,
        "use_ema": false,
        "use_adx": false,
        "use_atr": false,
        "rsi_required": false,
        "adx_thresh": 31.238766665127454,
        "atr_min_pct": 0.026767463670604112,
        "atr_max_pct": 0.042481859768843486
      }
    },
    "slippage": 0.0006,
    "select_top_k": 1,
    "aggregate_params": "median",
    "objective": "multi",
    "wfo_folds": 6,
    "embargo_bars": 150,
    "use_ml": false,
    "ml_thresh": 0.0
  },
  "guardrails": {
    "max_dd_pct_allowed": 0.1,
    "min_trades_lookback": 180,
    "daily_loss_limit_pct": 0.03,
    "cooldown_bars": 60,
    "fill_timing": "next_open",
    "bar_priority": "tp_first",
    "session_hours": [
      0,
      24
    ],
    "include_hours": [
      13,
      14,
      15,
      16,
      17,
      18,
      19,
      20,
      22
    ],
    "consec_loss_lockout": [
      3,
      150
    ],
    "sides": "both"
  },
  "regime": {
    "enabled": true,
    "fast": 50,
    "slow": 200,
    "band": 0.0,
    "overrides": {
      "bull": {
        "strategy": "mean_reversion",
        "bb_std_mult": 2.0169431746748376,
        "rsi_ob": 51,
        "rsi_os": 43,
        "tp_mult": 1.9194251920826044,
        "tsl_mult": 0.6891458682949287,
        "time_stop": 214,
        "use_ema": false,
        "use_adx": true,
        "use_atr": true,
        "rsi_required": false,
        "adx_thresh": 30.312193620918165,
        "atr_min_pct": 0.01765191613765407,
        "atr_max_pct": 0.05817423848665073
      },
      "sideways": {
        "strategy": "breakout",
        "bb_std_mult": 1.5828092896467827,
        "rsi_ob": 58,
        "rsi_os": 19,
        "tp_mult": 2.341879695778944,
        "tsl_mult": 0.651967765830165,
        "time_stop": 235,
        "use_ema": false,
        "use_adx": false,
        "use_atr": false,
        "rsi_required": true,
        "atr_min_pct": 0.015109626219893455,
        "atr_max_pct": 0.13630943049822583
      },
      "bear": {
        "strategy": "breakout",
        "bb_std_mult": 1.2571599337995167,
        "rsi_ob": 70,
        "rsi_os": 52,
        "tp_mult": 1.7149673432024581,
        "tsl_mult": 0.0004102131455224567,
        "time_stop": 122,
        "use_ema": false,
        "use_adx": false,
        "use_atr": false,
        "rsi_required": false,
        "adx_thresh": 31.238766665127454,
        "atr_min_pct": 0.026767463670604112,
        "atr_max_pct": 0.042481859768843486
      }
    }
  },
  "run_config": {
    "trials": 250,
    "n_jobs": 4,
    "seed": 2468,
    "objective": "multi",
    "multi_objective": true,
    "train_frac": 0.7,
    "wfo_folds": 6,
    "embargo_bars": 150,
    "select_top_k": 1,
    "aggregate_params": "median",
    "start_equity": 20000.0,
    "fee": 0.0,
    "fixed_slippage": 0.0006,
    "min_slippage": 0.0,
    "fill_timing": "next_open",
    "bar_priority": "tp_first",
    "session_start": 0,
    "session_end": 24,
    "include_hours": "13,14,15,16,17,18,19,20,22",
    "sides": "both",
    "regime_adapt": true,
    "regime_fast": 50,
    "regime_slow": 200,
    "regime_band": 0.0,
    "round_exits": true,
    "stop_extra_slip": 0.0
  },
  "metrics_consistent": {
    "return_pct_train_consistent": -0.8352201113179967,
    "return_pct_test_consistent": -0.5883231244370021,
    "suspicious_run": false
  }
}