{
  "created_at": "2025-08-22T10:50:10.795512+00:00",
  "objective": "multi",
  "selection": {
    "dd_cap_pct": 0.04,
    "best_trial": 205,
    "top_k": 3,
    "top_trials": [
      205,
      74,
      133
    ]
  },
  "train_bars": 1131000,
  "test_bars": 484544,
  "train_metrics": {
    "pnl": 3862.120239200004,
    "return_pct": 0.19310601196000032,
    "trades": 799,
    "win_rate": 0.3479349186483104,
    "avg_trade": 4.833692414518153,
    "avg_trade_pct": 0.00022165909806167033,
    "max_drawdown": -256.40609252000286,
    "max_drawdown_pct": -0.011367292893132186,
    "final_equity": 23862.120239200005,
    "wins": 278,
    "losses": 521
  },
  "test_metrics": {
    "pnl": 894.7844933699962,
    "return_pct": 0.04473922466849989,
    "trades": 298,
    "win_rate": 0.3523489932885906,
    "avg_trade": 3.0026325280872355,
    "avg_trade_pct": 0.00014741604506908278,
    "max_drawdown": -248.78288513999723,
    "max_drawdown_pct": -0.011945342238779712,
    "final_equity": 20894.784493369996,
    "wins": 105,
    "losses": 193
  },
  "params": {
    "ema1": 7,
    "use_sma": true,
    "spread_hl_frac": 0.006337255787566949,
    "edge_k": 1.2248841110274207,
    "p_atr": 28,
    "p_adx": 7,
    "rsi_required": true,
    "time_stop": 272,
    "use_spike": false,
    "slip_spread_k": 0.20257806307775175,
    "atr_max_pct": 0.017577630399779796,
    "use_adx": true,
    "tp_mult": 1.3004077440288595,
    "adx_thresh": 11.702163857980139,
    "vol_spike": 0.0347201749219003,
    "rsi_ob": 65,
    "p_std": 49,
    "rsi_period": 64,
    "use_ema": false,
    "ema2": 38,
    "atr_min_pct": 0.01290239539713427,
    "tsl_mult": 0.8634406170133375,
    "edge_cap": 0.08788844735569179,
    "use_atr": false,
    "rsi_os": 31,
    "p_sma": 10,
    "strategy": "mean_reversion",
    "bb_std_mult": 1.674207721050899,
    "slip_atr_k": 0.004254686411092286,
    "fee": 0.0,
    "rsi_key": "rsi64",
    "start_equity": 20000.0,
    "risk_per_trade": 0.0015,
    "risk_stop_atr_mult": 1.0,
    "risk_min_stop_frac": 0.001,
    "daily_loss_limit_pct": 0.01,
    "cooldown_bars": 120,
    "fill_timing": "next_open",
    "bar_priority": "stop_first",
    "session_start": 0,
    "session_end": 24,
    "include_hours_set": "{16, 20}",
    "max_consec_losses": 2,
    "lockout_bars": 60,
    "proba_temp": 1.0,
    "participation_cap": 0.15,
    "price_step": 0.0001,
    "qty_step": 0.0001,
    "min_notional": 5.0,
    "max_notional_pct_equity": 0.6,
    "sides": "short",
    "regime_adapt": true,
    "regime_fast": 50,
    "regime_slow": 200,
    "regime_band": 0.0,
    "round_exits": true,
    "stop_extra_slip": 0.0,
    "regime_overrides": {
      "bull": {
        "strategy": "mean_reversion",
        "bb_std_mult": 2.0169431746748376,
        "rsi_ob": 51,
        "rsi_os": 43,
        "tp_mult": 1.9194251920826044,
        "tsl_mult": 0.6891458682949287,
        "time_stop": 214,
        "use_ema": false,
        "use_adx": true,
        "use_atr": true,
        "rsi_required": false,
        "adx_thresh": 30.312193620918165,
        "atr_min_pct": 0.01765191613765407,
        "atr_max_pct": 0.05817423848665073
      },
      "sideways": {
        "strategy": "breakout",
        "bb_std_mult": 1.5828092896467827,
        "rsi_ob": 58,
        "rsi_os": 19,
        "tp_mult": 2.341879695778944,
        "tsl_mult": 0.651967765830165,
        "time_stop": 235,
        "use_ema": false,
        "use_adx": false,
        "use_atr": false,
        "rsi_required": true,
        "atr_min_pct": 0.015109626219893455,
        "atr_max_pct": 0.13630943049822583
      },
      "bear": {
        "strategy": "breakout",
        "bb_std_mult": 1.2571599337995167,
        "rsi_ob": 70,
        "rsi_os": 52,
        "tp_mult": 1.7149673432024581,
        "tsl_mult": 0.0004102131455224567,
        "time_stop": 122,
        "use_ema": false,
        "use_adx": false,
        "use_atr": false,
        "rsi_required": false,
        "adx_thresh": 31.238766665127454,
        "atr_min_pct": 0.026767463670604112,
        "atr_max_pct": 0.042481859768843486
      }
    },
    "slippage": 0.0006,
    "select_top_k": 3,
    "aggregate_params": "median",
    "objective": "multi",
    "wfo_folds": 8,
    "embargo_bars": 300,
    "use_ml": false,
    "ml_thresh": 0.0
  },
  "guardrails": {
    "max_dd_pct_allowed": 0.04,
    "min_trades_lookback": 140,
    "daily_loss_limit_pct": 0.01,
    "cooldown_bars": 120,
    "fill_timing": "next_open",
    "bar_priority": "stop_first",
    "session_hours": [
      0,
      24
    ],
    "include_hours": [
      16,
      20
    ],
    "consec_loss_lockout": [
      2,
      60
    ],
    "sides": "short"
  },
  "regime": {
    "enabled": true,
    "fast": 50,
    "slow": 200,
    "band": 0.0,
    "overrides": {
      "bull": {
        "strategy": "mean_reversion",
        "bb_std_mult": 2.0169431746748376,
        "rsi_ob": 51,
        "rsi_os": 43,
        "tp_mult": 1.9194251920826044,
        "tsl_mult": 0.6891458682949287,
        "time_stop": 214,
        "use_ema": false,
        "use_adx": true,
        "use_atr": true,
        "rsi_required": false,
        "adx_thresh": 30.312193620918165,
        "atr_min_pct": 0.01765191613765407,
        "atr_max_pct": 0.05817423848665073
      },
      "sideways": {
        "strategy": "breakout",
        "bb_std_mult": 1.5828092896467827,
        "rsi_ob": 58,
        "rsi_os": 19,
        "tp_mult": 2.341879695778944,
        "tsl_mult": 0.651967765830165,
        "time_stop": 235,
        "use_ema": false,
        "use_adx": false,
        "use_atr": false,
        "rsi_required": true,
        "atr_min_pct": 0.015109626219893455,
        "atr_max_pct": 0.13630943049822583
      },
      "bear": {
        "strategy": "breakout",
        "bb_std_mult": 1.2571599337995167,
        "rsi_ob": 70,
        "rsi_os": 52,
        "tp_mult": 1.7149673432024581,
        "tsl_mult": 0.0004102131455224567,
        "time_stop": 122,
        "use_ema": false,
        "use_adx": false,
        "use_atr": false,
        "rsi_required": false,
        "adx_thresh": 31.238766665127454,
        "atr_min_pct": 0.026767463670604112,
        "atr_max_pct": 0.042481859768843486
      }
    }
  },
  "run_config": {
    "trials": 400,
    "n_jobs": 4,
    "seed": 101,
    "objective": "multi",
    "multi_objective": true,
    "train_frac": 0.7,
    "wfo_folds": 8,
    "embargo_bars": 300,
    "select_top_k": 3,
    "aggregate_params": "median",
    "start_equity": 20000.0,
    "fee": 0.0,
    "fixed_slippage": 0.0006,
    "min_slippage": 0.0,
    "fill_timing": "next_open",
    "bar_priority": "stop_first",
    "session_start": 0,
    "session_end": 24,
    "include_hours": "16,20",
    "sides": "short",
    "regime_adapt": true,
    "regime_fast": 60,
    "regime_slow": 400,
    "regime_band": 0.35,
    "round_exits": true,
    "stop_extra_slip": 0.0
  },
  "metrics_consistent": {
    "return_pct_train_consistent": 0.1931060119600002,
    "return_pct_test_consistent": 0.04473922466849981,
    "suspicious_run": false
  }
}