{
  "created_at": "2025-08-22T01:42:03.092998+00:00",
  "objective": "multi",
  "selection": {
    "dd_cap_pct": 0.03,
    "best_trial": 274,
    "top_k": 3,
    "top_trials": [
      274,
      209,
      166
    ]
  },
  "train_bars": 1131000,
  "test_bars": 484544,
  "train_metrics": {
    "pnl": 258.639355770007,
    "return_pct": 0.012931967788500254,
    "trades": 216,
    "win_rate": 0.27314814814814814,
    "avg_trade": 1.1974044248611435,
    "avg_trade_pct": 5.972251216661048e-05,
    "max_drawdown": -132.8614381399966,
    "max_drawdown_pct": -0.006537795570861666,
    "final_equity": 20258.639355770007,
    "wins": 59,
    "losses": 157
  },
  "test_metrics": {
    "pnl": -203.54828019999968,
    "return_pct": -0.010177414010000052,
    "trades": 80,
    "win_rate": 0.2125,
    "avg_trade": -2.544353502499996,
    "avg_trade_pct": -0.00012781105150513327,
    "max_drawdown": -201.190829449999,
    "max_drawdown_pct": -0.010060727355962494,
    "final_equity": 19796.4517198,
    "wins": 17,
    "losses": 63
  },
  "params": {
    "bear_rsi_required": true,
    "sideways_use_ema": true,
    "bull_use_adx": false,
    "vol_spike": 0.2661547329528598,
    "rsi_ob": 88,
    "spread_hl_frac": 0.00011509542917088065,
    "p_sma": 5,
    "atr_max_pct": 0.1065135337652881,
    "bear_use_sma": true,
    "bull_rsi_ob": 51,
    "bear_use_ema": false,
    "sideways_use_sma": true,
    "rsi_period": 74,
    "ema1": 26,
    "tp_mult": 1.6647273131407059,
    "bull_time_stop": 43,
    "sideways_atr_min_pct": 0.0038051268135003533,
    "use_ema": true,
    "slip_atr_k": 0.005789674760475558,
    "bear_time_stop": 201,
    "sideways_time_stop": 181,
    "p_std": 49,
    "bear_use_atr": false,
    "bull_atr_min_pct": 0.01715278315692564,
    "use_sma": true,
    "bear_rsi_os": 52,
    "atr_min_pct": 0.011818617164207814,
    "bb_std_mult": 2.353942693001966,
    "bull_use_atr": true,
    "bull_tsl_mult": 0.8492336268411793,
    "bull_rsi_required": false,
    "sideways_use_adx": false,
    "bear_adx_thresh": 20.111651102106276,
    "slip_spread_k": 0.3966483205268366,
    "bull_rsi_os": 14,
    "bull_use_ema": true,
    "edge_cap": 0.5024650962110363,
    "sideways_tsl_mult": 0.8968197408522651,
    "sideways_use_atr": false,
    "time_stop": 149,
    "rsi_required": true,
    "bear_atr_max_pct": 0.13452150867315896,
    "sideways_strategy": "breakout",
    "bear_rsi_ob": 52,
    "bull_atr_max_pct": 0.07450128789823506,
    "sideways_bb_std_mult": 2.110457095412393,
    "sideways_rsi_os": 29,
    "use_spike": true,
    "sideways_rsi_ob": 80,
    "bear_tp_mult": 2.6175837149901153,
    "bear_bb_std_mult": 2.48767938729802,
    "bull_use_sma": true,
    "bear_use_adx": true,
    "bull_adx_thresh": 27.63135763955917,
    "sideways_tp_mult": 1.7146240708129319,
    "adx_thresh": 5.772429141061895,
    "p_atr": 20,
    "bull_bb_std_mult": 2.44947833599633,
    "use_atr": true,
    "strategy": "breakout",
    "bear_strategy": "breakout",
    "bull_use_spike": true,
    "bear_tsl_mult": 0.7216115902800133,
    "sideways_rsi_required": false,
    "rsi_os": 5,
    "bull_tp_mult": 1.7078887165085277,
    "p_adx": 17,
    "ema2": 50,
    "tsl_mult": 0.029680828061885066,
    "edge_k": 1.6986989698656187,
    "sideways_adx_thresh": 33.25225298438563,
    "bull_strategy": "breakout",
    "use_adx": false,
    "bear_use_spike": false,
    "sideways_atr_max_pct": 0.13835702656918086,
    "bear_atr_min_pct": 0.009879090690202442,
    "sideways_use_spike": false,
    "fee": 0.0,
    "rsi_key": "rsi74",
    "start_equity": 20000.0,
    "risk_per_trade": 0.00075,
    "risk_stop_atr_mult": 1.0,
    "risk_min_stop_frac": 0.001,
    "daily_loss_limit_pct": 0.008,
    "cooldown_bars": 120,
    "fill_timing": "next_open",
    "bar_priority": "stop_first",
    "session_start": 0,
    "session_end": 24,
    "include_hours_set": "{19}",
    "max_consec_losses": 2,
    "lockout_bars": 60,
    "proba_temp": 1.0,
    "participation_cap": 0.1,
    "price_step": 0.0001,
    "qty_step": 0.0001,
    "min_notional": 5.0,
    "max_notional_pct_equity": 0.5,
    "sides": "long",
    "regime_adapt": true,
    "regime_fast": 50,
    "regime_slow": 200,
    "regime_band": 0.0,
    "round_exits": true,
    "stop_extra_slip": 0.0,
    "regime_overrides": {
      "bull": {
        "strategy": "mean_reversion",
        "bb_std_mult": 2.0169431746748376,
        "rsi_ob": 51,
        "rsi_os": 43,
        "tp_mult": 1.9194251920826044,
        "tsl_mult": 0.6891458682949287,
        "time_stop": 214,
        "use_ema": false,
        "use_adx": true,
        "use_atr": true,
        "rsi_required": false,
        "adx_thresh": 30.312193620918165,
        "atr_min_pct": 0.01765191613765407,
        "atr_max_pct": 0.05817423848665073
      },
      "sideways": {
        "strategy": "breakout",
        "bb_std_mult": 1.5828092896467827,
        "rsi_ob": 58,
        "rsi_os": 19,
        "tp_mult": 2.341879695778944,
        "tsl_mult": 0.651967765830165,
        "time_stop": 235,
        "use_ema": false,
        "use_adx": false,
        "use_atr": false,
        "rsi_required": true,
        "atr_min_pct": 0.015109626219893455,
        "atr_max_pct": 0.13630943049822583
      },
      "bear": {
        "strategy": "breakout",
        "bb_std_mult": 1.2571599337995167,
        "rsi_ob": 70,
        "rsi_os": 52,
        "tp_mult": 1.7149673432024581,
        "tsl_mult": 0.0004102131455224567,
        "time_stop": 122,
        "use_ema": false,
        "use_adx": false,
        "use_atr": false,
        "rsi_required": false,
        "adx_thresh": 31.238766665127454,
        "atr_min_pct": 0.026767463670604112,
        "atr_max_pct": 0.042481859768843486
      }
    },
    "slippage": 0.0006,
    "select_top_k": 3,
    "aggregate_params": "median",
    "objective": "multi",
    "wfo_folds": 8,
    "embargo_bars": 300,
    "use_ml": false,
    "ml_thresh": 0.0
  },
  "guardrails": {
    "max_dd_pct_allowed": 0.03,
    "min_trades_lookback": 60,
    "daily_loss_limit_pct": 0.008,
    "cooldown_bars": 120,
    "fill_timing": "next_open",
    "bar_priority": "stop_first",
    "session_hours": [
      0,
      24
    ],
    "include_hours": [
      19
    ],
    "consec_loss_lockout": [
      2,
      60
    ],
    "sides": "long"
  },
  "regime": {
    "enabled": true,
    "fast": 50,
    "slow": 200,
    "band": 0.0,
    "overrides": {
      "bull": {
        "strategy": "mean_reversion",
        "bb_std_mult": 2.0169431746748376,
        "rsi_ob": 51,
        "rsi_os": 43,
        "tp_mult": 1.9194251920826044,
        "tsl_mult": 0.6891458682949287,
        "time_stop": 214,
        "use_ema": false,
        "use_adx": true,
        "use_atr": true,
        "rsi_required": false,
        "adx_thresh": 30.312193620918165,
        "atr_min_pct": 0.01765191613765407,
        "atr_max_pct": 0.05817423848665073
      },
      "sideways": {
        "strategy": "breakout",
        "bb_std_mult": 1.5828092896467827,
        "rsi_ob": 58,
        "rsi_os": 19,
        "tp_mult": 2.341879695778944,
        "tsl_mult": 0.651967765830165,
        "time_stop": 235,
        "use_ema": false,
        "use_adx": false,
        "use_atr": false,
        "rsi_required": true,
        "atr_min_pct": 0.015109626219893455,
        "atr_max_pct": 0.13630943049822583
      },
      "bear": {
        "strategy": "breakout",
        "bb_std_mult": 1.2571599337995167,
        "rsi_ob": 70,
        "rsi_os": 52,
        "tp_mult": 1.7149673432024581,
        "tsl_mult": 0.0004102131455224567,
        "time_stop": 122,
        "use_ema": false,
        "use_adx": false,
        "use_atr": false,
        "rsi_required": false,
        "adx_thresh": 31.238766665127454,
        "atr_min_pct": 0.026767463670604112,
        "atr_max_pct": 0.042481859768843486
      }
    }
  },
  "run_config": {
    "trials": 300,
    "n_jobs": 4,
    "seed": 101,
    "objective": "multi",
    "multi_objective": true,
    "train_frac": 0.7,
    "wfo_folds": 8,
    "embargo_bars": 300,
    "select_top_k": 3,
    "aggregate_params": "median",
    "start_equity": 20000.0,
    "fee": 0.0,
    "fixed_slippage": 0.0006,
    "min_slippage": 0.0,
    "fill_timing": "next_open",
    "bar_priority": "stop_first",
    "session_start": 0,
    "session_end": 24,
    "include_hours": "19",
    "sides": "long",
    "regime_adapt": false,
    "regime_fast": 50,
    "regime_slow": 200,
    "regime_band": 0.0,
    "round_exits": true,
    "stop_extra_slip": 0.0
  },
  "metrics_consistent": {
    "return_pct_train_consistent": 0.012931967788500351,
    "return_pct_test_consistent": -0.010177414009999984,
    "suspicious_run": false
  }
}