{
  "created_at": "2025-08-21T13:10:25.361317+00:00",
  "objective": "multi",
  "selection": {
    "dd_cap_pct": 0.03,
    "best_trial": 146,
    "top_k": 5,
    "top_trials": [
      146,
      111,
      159,
      3,
      15
    ]
  },
  "train_bars": 1131000,
  "test_bars": 484544,
  "train_metrics": {
    "pnl": -272.7084791199968,
    "return_pct": -0.013635423955999815,
    "trades": 525,
    "win_rate": 0.3333333333333333,
    "avg_trade": -0.5194447221333273,
    "avg_trade_pct": -2.6076451061965786e-05,
    "max_drawdown": -468.18494959999225,
    "max_drawdown_pct": -0.023228080062997945,
    "final_equity": 19727.291520880004,
    "wins": 175,
    "losses": 350
  },
  "test_metrics": {
    "pnl": -15.425203119995757,
    "return_pct": -0.000771260155999709,
    "trades": 179,
    "win_rate": 0.36312849162011174,
    "avg_trade": -0.08617431910612154,
    "avg_trade_pct": -4.242775528103005e-06,
    "max_drawdown": -177.69716594000056,
    "max_drawdown_pct": -0.008825466020704309,
    "final_equity": 19984.574796880006,
    "wins": 65,
    "losses": 114
  },
  "params": {
    "tp_mult": 2.478372823476538,
    "rsi_required": false,
    "spread_hl_frac": 0.013377755729586613,
    "use_spike": false,
    "rsi_os": 14,
    "edge_k": 0.277717842341079,
    "p_std": 59,
    "time_stop": 189,
    "use_ema": true,
    "p_atr": 9,
    "rsi_period": 51,
    "strategy": "breakout",
    "ema2": 28,
    "use_atr": true,
    "edge_cap": 0.7480060983700612,
    "tsl_mult": 0.6353024630554525,
    "atr_min_pct": 0.001415812004213998,
    "adx_thresh": 7.87960854926974,
    "ema1": 5,
    "use_adx": false,
    "rsi_ob": 78,
    "p_adx": 21,
    "bb_std_mult": 0.6928131948256983,
    "use_sma": true,
    "p_sma": 5,
    "vol_spike": 0.11319351857858952,
    "slip_spread_k": 0.5981165529426874,
    "slip_atr_k": 0.012637597100914057,
    "atr_max_pct": 0.102936654345297,
    "fee": 0.0,
    "rsi_key": "rsi51",
    "start_equity": 20000.0,
    "risk_per_trade": 0.0003,
    "risk_stop_atr_mult": 1.0,
    "risk_min_stop_frac": 0.001,
    "daily_loss_limit_pct": 0.015,
    "cooldown_bars": 240,
    "fill_timing": "next_open",
    "bar_priority": "stop_first",
    "session_start": 0,
    "session_end": 24,
    "include_hours_set": "{16, 17, 20}",
    "max_consec_losses": 2,
    "lockout_bars": 360,
    "proba_temp": 1.0,
    "participation_cap": 1.0,
    "price_step": 0.0001,
    "qty_step": 0.0001,
    "min_notional": 5.0,
    "max_notional_pct_equity": 1.0,
    "sides": "short",
    "regime_adapt": true,
    "regime_fast": 50,
    "regime_slow": 200,
    "regime_band": 0.0,
    "round_exits": true,
    "stop_extra_slip": 0.0,
    "regime_overrides": {
      "bull": {
        "strategy": "mean_reversion",
        "bb_std_mult": 2.0169431746748376,
        "rsi_ob": 51,
        "rsi_os": 43,
        "tp_mult": 1.9194251920826044,
        "tsl_mult": 0.6891458682949287,
        "time_stop": 214,
        "use_ema": false,
        "use_adx": true,
        "use_atr": true,
        "rsi_required": false,
        "adx_thresh": 30.312193620918165,
        "atr_min_pct": 0.01765191613765407,
        "atr_max_pct": 0.05817423848665073
      },
      "sideways": {
        "strategy": "breakout",
        "bb_std_mult": 1.5828092896467827,
        "rsi_ob": 58,
        "rsi_os": 19,
        "tp_mult": 2.341879695778944,
        "tsl_mult": 0.651967765830165,
        "time_stop": 235,
        "use_ema": false,
        "use_adx": false,
        "use_atr": false,
        "rsi_required": true,
        "atr_min_pct": 0.015109626219893455,
        "atr_max_pct": 0.13630943049822583
      },
      "bear": {
        "strategy": "breakout",
        "bb_std_mult": 1.2571599337995167,
        "rsi_ob": 70,
        "rsi_os": 52,
        "tp_mult": 1.7149673432024581,
        "tsl_mult": 0.0004102131455224567,
        "time_stop": 122,
        "use_ema": false,
        "use_adx": false,
        "use_atr": false,
        "rsi_required": false,
        "adx_thresh": 31.238766665127454,
        "atr_min_pct": 0.026767463670604112,
        "atr_max_pct": 0.042481859768843486
      }
    },
    "slippage": 0.0006,
    "select_top_k": 5,
    "aggregate_params": "median",
    "objective": "multi",
    "wfo_folds": 8,
    "embargo_bars": 300,
    "use_ml": false,
    "ml_thresh": 0.0
  },
  "guardrails": {
    "max_dd_pct_allowed": 0.03,
    "min_trades_lookback": 250,
    "daily_loss_limit_pct": 0.015,
    "cooldown_bars": 240,
    "fill_timing": "next_open",
    "bar_priority": "stop_first",
    "session_hours": [
      0,
      24
    ],
    "include_hours": [
      16,
      17,
      20
    ],
    "consec_loss_lockout": [
      2,
      360
    ],
    "sides": "short"
  },
  "regime": {
    "enabled": true,
    "fast": 50,
    "slow": 200,
    "band": 0.0,
    "overrides": {
      "bull": {
        "strategy": "mean_reversion",
        "bb_std_mult": 2.0169431746748376,
        "rsi_ob": 51,
        "rsi_os": 43,
        "tp_mult": 1.9194251920826044,
        "tsl_mult": 0.6891458682949287,
        "time_stop": 214,
        "use_ema": false,
        "use_adx": true,
        "use_atr": true,
        "rsi_required": false,
        "adx_thresh": 30.312193620918165,
        "atr_min_pct": 0.01765191613765407,
        "atr_max_pct": 0.05817423848665073
      },
      "sideways": {
        "strategy": "breakout",
        "bb_std_mult": 1.5828092896467827,
        "rsi_ob": 58,
        "rsi_os": 19,
        "tp_mult": 2.341879695778944,
        "tsl_mult": 0.651967765830165,
        "time_stop": 235,
        "use_ema": false,
        "use_adx": false,
        "use_atr": false,
        "rsi_required": true,
        "atr_min_pct": 0.015109626219893455,
        "atr_max_pct": 0.13630943049822583
      },
      "bear": {
        "strategy": "breakout",
        "bb_std_mult": 1.2571599337995167,
        "rsi_ob": 70,
        "rsi_os": 52,
        "tp_mult": 1.7149673432024581,
        "tsl_mult": 0.0004102131455224567,
        "time_stop": 122,
        "use_ema": false,
        "use_adx": false,
        "use_atr": false,
        "rsi_required": false,
        "adx_thresh": 31.238766665127454,
        "atr_min_pct": 0.026767463670604112,
        "atr_max_pct": 0.042481859768843486
      }
    }
  },
  "run_config": {
    "trials": 160,
    "n_jobs": 4,
    "seed": 101,
    "objective": "multi",
    "multi_objective": true,
    "train_frac": 0.7,
    "wfo_folds": 8,
    "embargo_bars": 300,
    "select_top_k": 5,
    "aggregate_params": "median",
    "start_equity": 20000.0,
    "fee": 0.0,
    "fixed_slippage": 0.0006,
    "min_slippage": 0.0,
    "fill_timing": "next_open",
    "bar_priority": "stop_first",
    "session_start": 0,
    "session_end": 24,
    "include_hours": "16,17,20",
    "sides": "short",
    "regime_adapt": false,
    "regime_fast": 50,
    "regime_slow": 200,
    "regime_band": 0.0,
    "round_exits": true,
    "stop_extra_slip": 0.0
  },
  "metrics_consistent": {
    "return_pct_train_consistent": -0.01363542395599984,
    "return_pct_test_consistent": -0.0007712601559997878,
    "suspicious_run": false
  }
}