timestamp,open,high,low,close,volume
2025-07-09 12:15:00,154.31000000,154.63000000,154.17000000,154.36000000,49984.76200000
2025-07-09 12:30:00,154.37000000,154.43000000,153.86000000,154.42000000,36211.82600000
2025-07-09 12:45:00,154.42000000,154.47000000,153.99000000,154.06000000,35755.47000000
2025-07-09 13:00:00,154.06000000,154.88000000,154.03000000,154.62000000,49231.08100000
2025-07-09 13:15:00,154.61000000,154.80000000,154.02000000,154.21000000,45356.41800000
2025-07-09 13:30:00,154.21000000,154.58000000,153.89000000,154.15000000,62649.19700000
2025-07-09 13:45:00,154.15000000,154.53000000,153.61000000,153.77000000,44665.92300000
2025-07-09 14:00:00,153.76000000,154.09000000,153.32000000,154.00000000,48648.38200000
2025-07-09 14:15:00,153.99000000,155.53000000,153.88000000,154.05000000,90270.75600000
2025-07-09 14:30:00,154.05000000,154.09000000,153.00000000,153.45000000,54448.70000000
2025-07-09 14:45:00,153.45000000,153.93000000,152.87000000,153.74000000,77043.18400000
2025-07-09 15:00:00,153.74000000,154.55000000,153.37000000,153.40000000,31469.63800000
2025-07-09 15:15:00,153.41000000,153.97000000,153.37000000,153.75000000,10645.46500000
2025-07-09 15:30:00,153.75000000,154.31000000,153.64000000,153.96000000,35538.22700000
2025-07-09 15:45:00,153.95000000,154.18000000,153.76000000,153.97000000,17994.41100000
2025-07-09 16:00:00,153.98000000,154.40000000,153.66000000,154.40000000,25325.34000000
2025-07-09 16:15:00,154.39000000,154.83000000,154.14000000,154.31000000,34939.12300000
2025-07-09 16:30:00,154.31000000,154.75000000,154.27000000,154.54000000,27130.06500000
2025-07-09 16:45:00,154.55000000,155.02000000,154.43000000,154.87000000,22810.53900000
2025-07-09 17:00:00,154.87000000,154.92000000,154.44000000,154.46000000,13207.50800000
2025-07-09 17:15:00,154.46000000,154.49000000,153.64000000,153.83000000,35356.38900000
2025-07-09 17:30:00,153.83000000,153.87000000,153.34000000,153.46000000,19863.23200000
2025-07-09 17:45:00,153.47000000,153.65000000,153.23000000,153.64000000,11308.41500000
2025-07-09 18:00:00,153.65000000,155.28000000,153.56000000,155.05000000,53362.67400000
2025-07-09 18:15:00,155.04000000,155.24000000,154.50000000,155.03000000,34336.19400000
2025-07-09 18:30:00,155.02000000,155.04000000,154.30000000,154.43000000,27646.49800000
2025-07-09 18:45:00,154.43000000,154.69000000,154.28000000,154.66000000,11965.66600000
2025-07-09 19:00:00,154.65000000,154.90000000,154.58000000,154.89000000,13850.31200000
2025-07-09 19:15:00,154.90000000,155.96000000,154.86000000,155.82000000,47942.98700000
2025-07-09 19:30:00,155.81000000,156.60000000,155.53000000,156.55000000,115702.44300000
2025-07-09 19:45:00,156.55000000,157.86000000,156.27000000,157.27000000,128436.40600000
2025-07-09 20:00:00,157.26000000,157.52000000,156.16000000,156.54000000,88395.69100000
2025-07-09 20:15:00,156.53000000,157.17000000,155.46000000,155.76000000,46026.62900000
2025-07-09 20:30:00,155.75000000,156.61000000,155.46000000,156.52000000,42946.75000000
2025-07-09 20:45:00,156.53000000,156.70000000,155.85000000,156.04000000,28515.52000000
2025-07-09 21:00:00,156.03000000,157.17000000,156.00000000,157.06000000,37110.03700000
2025-07-09 21:15:00,157.06000000,157.59000000,156.79000000,157.26000000,23451.34900000
2025-07-09 21:30:00,157.27000000,157.30000000,156.74000000,157.04000000,18715.97400000
2025-07-09 21:45:00,157.04000000,157.27000000,156.74000000,156.75000000,18186.17700000
2025-07-09 22:00:00,156.74000000,157.90000000,156.74000000,157.90000000,34895.29600000
2025-07-09 22:15:00,157.90000000,157.93000000,157.31000000,157.33000000,17337.45700000
2025-07-09 22:30:00,157.34000000,157.59000000,157.29000000,157.37000000,11721.82200000
2025-07-09 22:45:00,157.37000000,157.77000000,157.30000000,157.66000000,23360.12900000
2025-07-09 23:00:00,157.66000000,157.93000000,157.40000000,157.40000000,21383.95500000
2025-07-09 23:15:00,157.40000000,157.61000000,157.22000000,157.24000000,20828.46700000
2025-07-09 23:30:00,157.25000000,157.76000000,157.25000000,157.27000000,16492.28700000
2025-07-09 23:45:00,157.27000000,157.35000000,157.00000000,157.05000000,15931.19700000
2025-07-10 00:00:00,157.06000000,157.52000000,157.03000000,157.29000000,13861.18400000
2025-07-10 00:15:00,157.28000000,157.38000000,156.64000000,156.64000000,12542.14500000
2025-07-10 00:30:00,156.64000000,156.92000000,156.22000000,156.33000000,19905.78400000
2025-07-10 00:45:00,156.32000000,156.59000000,155.93000000,155.94000000,29870.01300000
2025-07-10 01:00:00,155.94000000,156.46000000,155.93000000,156.44000000,21506.42500000
2025-07-10 01:15:00,156.43000000,157.00000000,156.35000000,156.98000000,17073.07400000
2025-07-10 01:30:00,156.97000000,157.32000000,156.97000000,157.29000000,14797.50200000
2025-07-10 01:45:00,157.29000000,157.87000000,157.17000000,157.61000000,25795.25900000
2025-07-10 02:00:00,157.62000000,158.94000000,157.61000000,158.62000000,60444.85600000
2025-07-10 02:15:00,158.61000000,159.34000000,158.48000000,158.51000000,35448.60200000
2025-07-10 02:30:00,158.51000000,158.90000000,158.08000000,158.12000000,15970.80600000
2025-07-10 02:45:00,158.12000000,158.43000000,158.10000000,158.31000000,13717.35900000
2025-07-10 03:00:00,158.30000000,158.37000000,157.83000000,157.83000000,9635.81700000
2025-07-10 03:15:00,157.83000000,158.14000000,157.66000000,157.71000000,15339.06000000
2025-07-10 03:30:00,157.72000000,157.79000000,157.25000000,157.44000000,18311.59000000
2025-07-10 03:45:00,157.43000000,157.51000000,157.22000000,157.35000000,13356.92600000
2025-07-10 04:00:00,157.35000000,157.46000000,156.90000000,157.01000000,17086.53400000
2025-07-10 04:15:00,157.01000000,157.33000000,156.88000000,157.29000000,10673.76300000
2025-07-10 04:30:00,157.29000000,157.62000000,157.29000000,157.54000000,10942.05400000
2025-07-10 04:45:00,157.55000000,157.71000000,157.44000000,157.67000000,9586.53500000
2025-07-10 05:00:00,157.68000000,157.79000000,157.29000000,157.29000000,11706.19800000
2025-07-10 05:15:00,157.29000000,157.48000000,157.14000000,157.39000000,16272.17500000
2025-07-10 05:30:00,157.39000000,157.41000000,157.01000000,157.07000000,17428.36500000
2025-07-10 05:45:00,157.07000000,157.42000000,156.95000000,157.25000000,13337.16200000
2025-07-10 06:00:00,157.25000000,157.45000000,156.67000000,156.84000000,24988.50100000
2025-07-10 06:15:00,156.83000000,157.32000000,156.80000000,157.27000000,13360.41200000
2025-07-10 06:30:00,157.28000000,157.36000000,156.95000000,157.01000000,16023.78100000
2025-07-10 06:45:00,157.01000000,157.49000000,156.98000000,157.44000000,18072.33800000
2025-07-10 07:00:00,157.43000000,158.37000000,157.37000000,158.24000000,39709.98900000
2025-07-10 07:15:00,158.25000000,158.61000000,158.05000000,158.29000000,35027.67400000
2025-07-10 07:30:00,158.28000000,158.63000000,157.95000000,158.33000000,34441.95500000
2025-07-10 07:45:00,158.32000000,158.35000000,157.81000000,157.89000000,18536.89200000
2025-07-10 08:00:00,157.90000000,158.50000000,157.82000000,158.29000000,17793.27000000
2025-07-10 08:15:00,158.28000000,158.92000000,158.28000000,158.51000000,22110.51400000
2025-07-10 08:30:00,158.52000000,159.17000000,158.45000000,159.14000000,15074.20000000
2025-07-10 08:45:00,159.14000000,159.17000000,158.73000000,158.89000000,25850.24200000
2025-07-10 09:00:00,158.90000000,159.07000000,158.32000000,158.48000000,19790.53900000
2025-07-10 09:15:00,158.48000000,158.76000000,158.31000000,158.42000000,8470.72500000
2025-07-10 09:30:00,158.43000000,158.44000000,158.08000000,158.10000000,11954.82400000
2025-07-10 09:45:00,158.10000000,158.22000000,157.95000000,158.06000000,12089.69900000
2025-07-10 10:00:00,158.07000000,158.13000000,157.43000000,157.50000000,13874.40100000
2025-07-10 10:15:00,157.49000000,157.69000000,157.43000000,157.48000000,10540.45100000
2025-07-10 10:30:00,157.47000000,157.89000000,157.46000000,157.72000000,12838.80900000
2025-07-10 10:45:00,157.72000000,157.98000000,157.58000000,157.93000000,10549.68500000
2025-07-10 11:00:00,157.93000000,157.93000000,157.16000000,157.28000000,27199.57300000
2025-07-10 11:15:00,157.28000000,157.71000000,157.20000000,157.60000000,10033.92900000
2025-07-10 11:30:00,157.59000000,157.83000000,157.30000000,157.62000000,17574.30900000
2025-07-10 11:45:00,157.63000000,157.79000000,157.49000000,157.65000000,6680.27000000
2025-07-10 12:00:00,157.66000000,157.66000000,157.12000000,157.21000000,15518.99400000
2025-07-10 12:15:00,157.21000000,157.63000000,157.03000000,157.51000000,43593.33500000
2025-07-10 12:30:00,157.52000000,157.61000000,157.26000000,157.32000000,9320.13200000
2025-07-10 12:45:00,157.32000000,157.49000000,157.16000000,157.47000000,14191.96300000
2025-07-10 13:00:00,157.46000000,157.80000000,157.41000000,157.73000000,21268.43900000
2025-07-10 13:15:00,157.74000000,158.34000000,157.72000000,158.33000000,19234.78800000
2025-07-10 13:30:00,158.33000000,158.37000000,156.78000000,157.33000000,112471.44800000
2025-07-10 13:45:00,157.34000000,157.93000000,156.72000000,157.05000000,28821.15000000
2025-07-10 14:00:00,157.05000000,157.38000000,156.38000000,157.24000000,34874.01800000
2025-07-10 14:15:00,157.24000000,157.70000000,156.22000000,156.42000000,53785.36800000
2025-07-10 14:30:00,156.43000000,156.87000000,156.31000000,156.60000000,29865.32000000
2025-07-10 14:45:00,156.59000000,156.86000000,156.42000000,156.85000000,15215.53600000
2025-07-10 15:00:00,156.84000000,157.05000000,156.09000000,156.18000000,35087.78000000
2025-07-10 15:15:00,156.18000000,156.76000000,156.00000000,156.68000000,34060.73400000
2025-07-10 15:30:00,156.69000000,156.81000000,155.64000000,156.16000000,31549.66900000
2025-07-10 15:45:00,156.17000000,156.53000000,155.95000000,156.43000000,24000.55800000
2025-07-10 16:00:00,156.44000000,156.61000000,156.16000000,156.42000000,23472.07000000
2025-07-10 16:15:00,156.42000000,158.49000000,156.41000000,158.09000000,100264.46100000
2025-07-10 16:30:00,158.10000000,158.75000000,157.97000000,158.67000000,113964.13300000
2025-07-10 16:45:00,158.67000000,158.67000000,158.06000000,158.39000000,65808.85900000
2025-07-10 17:00:00,158.39000000,159.66000000,157.96000000,159.58000000,112877.84900000
2025-07-10 17:15:00,159.58000000,159.58000000,158.82000000,159.22000000,66111.15200000
2025-07-10 17:30:00,159.22000000,159.66000000,159.09000000,159.66000000,29464.90200000
2025-07-10 17:45:00,159.66000000,161.18000000,159.29000000,160.90000000,118554.14200000
2025-07-10 18:00:00,160.90000000,161.01000000,160.13000000,160.18000000,51644.25300000
2025-07-10 18:15:00,160.19000000,160.64000000,159.41000000,159.51000000,56089.19900000
2025-07-10 18:30:00,159.51000000,159.57000000,158.33000000,158.76000000,57244.47300000
2025-07-10 18:45:00,158.77000000,159.32000000,158.46000000,159.07000000,104507.05300000
2025-07-10 19:00:00,159.06000000,159.67000000,158.91000000,159.60000000,36149.12200000
2025-07-10 19:15:00,159.59000000,159.64000000,159.17000000,159.21000000,26764.31600000
2025-07-10 19:30:00,159.21000000,159.21000000,158.67000000,159.12000000,23649.45100000
2025-07-10 19:45:00,159.12000000,159.50000000,158.80000000,159.34000000,26651.20100000
2025-07-10 20:00:00,159.34000000,160.03000000,159.23000000,159.92000000,24721.84100000
2025-07-10 20:15:00,159.92000000,160.13000000,159.75000000,160.04000000,11845.64000000
2025-07-10 20:30:00,160.05000000,160.50000000,160.05000000,160.49000000,17705.25600000
2025-07-10 20:45:00,160.49000000,160.51000000,159.93000000,160.40000000,18475.13700000
2025-07-10 21:00:00,160.39000000,160.88000000,160.28000000,160.72000000,19326.99800000
2025-07-10 21:15:00,160.71000000,163.88000000,160.51000000,162.72000000,243561.19000000
2025-07-10 21:30:00,162.72000000,164.20000000,162.58000000,163.57000000,121931.56300000
2025-07-10 21:45:00,163.58000000,164.33000000,162.75000000,163.83000000,97529.93800000
2025-07-10 22:00:00,163.84000000,164.41000000,163.33000000,164.40000000,74121.30500000
2025-07-10 22:15:00,164.41000000,165.43000000,163.70000000,163.86000000,139457.47700000
2025-07-10 22:30:00,163.86000000,164.29000000,163.51000000,164.17000000,39983.33000000
2025-07-10 22:45:00,164.17000000,164.90000000,164.13000000,164.70000000,33519.77400000
2025-07-10 23:00:00,164.69000000,165.23000000,164.50000000,164.75000000,47922.20800000
2025-07-10 23:15:00,164.74000000,164.82000000,163.76000000,163.86000000,47986.52600000
2025-07-10 23:30:00,163.86000000,163.95000000,163.28000000,163.54000000,37794.94400000
2025-07-10 23:45:00,163.54000000,164.35000000,163.30000000,164.34000000,29227.18400000
2025-07-11 00:00:00,164.33000000,164.40000000,163.71000000,163.71000000,40278.59600000
2025-07-11 00:15:00,163.72000000,163.76000000,161.98000000,162.40000000,54355.55500000
2025-07-11 00:30:00,162.40000000,163.14000000,161.94000000,162.59000000,37849.75400000
2025-07-11 00:45:00,162.60000000,163.37000000,162.41000000,163.05000000,26046.43800000
2025-07-11 01:00:00,163.05000000,163.87000000,162.96000000,163.84000000,26460.69900000
2025-07-11 01:15:00,163.85000000,164.81000000,163.67000000,164.74000000,34603.20000000
2025-07-11 01:30:00,164.74000000,164.75000000,164.40000000,164.63000000,33841.05500000
2025-07-11 01:45:00,164.63000000,164.72000000,164.00000000,164.49000000,46299.86100000
2025-07-11 02:00:00,164.50000000,164.69000000,164.07000000,164.54000000,34462.08100000
2025-07-11 02:15:00,164.53000000,165.03000000,164.53000000,164.93000000,40819.14500000
2025-07-11 02:30:00,164.93000000,165.15000000,164.67000000,164.86000000,28403.63000000
2025-07-11 02:45:00,164.86000000,165.21000000,164.68000000,165.00000000,32781.25200000
2025-07-11 03:00:00,164.99000000,164.99000000,164.46000000,164.47000000,19478.93700000
2025-07-11 03:15:00,164.47000000,164.84000000,164.31000000,164.65000000,16204.59500000
2025-07-11 03:30:00,164.66000000,164.81000000,164.01000000,164.81000000,19714.85100000
2025-07-11 03:45:00,164.81000000,165.40000000,164.70000000,165.22000000,27121.91000000
2025-07-11 04:00:00,165.22000000,165.23000000,164.34000000,164.45000000,31683.03700000
2025-07-11 04:15:00,164.45000000,164.69000000,164.30000000,164.51000000,21106.90200000
2025-07-11 04:30:00,164.50000000,164.59000000,164.04000000,164.54000000,28925.38600000
2025-07-11 04:45:00,164.54000000,165.01000000,164.43000000,165.00000000,24598.32900000
2025-07-11 05:00:00,165.01000000,165.65000000,164.94000000,165.46000000,42882.08900000
2025-07-11 05:15:00,165.45000000,165.84000000,165.31000000,165.40000000,46142.91300000
2025-07-11 05:30:00,165.41000000,166.17000000,165.13000000,165.91000000,79160.38600000
2025-07-11 05:45:00,165.91000000,166.80000000,165.28000000,165.28000000,79388.34600000
2025-07-11 06:00:00,165.29000000,166.00000000,165.01000000,165.29000000,67392.16600000
2025-07-11 06:15:00,165.28000000,165.80000000,165.15000000,165.41000000,38176.28600000
2025-07-11 06:30:00,165.41000000,165.45000000,164.50000000,164.69000000,38095.76800000
2025-07-11 06:45:00,164.70000000,164.86000000,163.41000000,163.64000000,78976.08300000
2025-07-11 07:00:00,163.64000000,163.71000000,163.14000000,163.23000000,51983.06400000
2025-07-11 07:15:00,163.24000000,164.30000000,163.20000000,164.19000000,43576.30300000
2025-07-11 07:30:00,164.19000000,164.29000000,163.96000000,164.20000000,38341.83100000
2025-07-11 07:45:00,164.20000000,164.28000000,163.18000000,163.27000000,46335.91100000
2025-07-11 08:00:00,163.28000000,163.70000000,163.28000000,163.50000000,23835.97700000
2025-07-11 08:15:00,163.51000000,164.02000000,163.40000000,163.86000000,21685.38500000
2025-07-11 08:30:00,163.86000000,164.06000000,163.43000000,164.01000000,25450.57800000
2025-07-11 08:45:00,164.00000000,164.04000000,163.65000000,163.87000000,28925.28700000
2025-07-11 09:00:00,163.88000000,164.00000000,163.66000000,163.97000000,20259.61800000
2025-07-11 09:15:00,163.97000000,164.80000000,163.96000000,164.77000000,28066.00700000
2025-07-11 09:30:00,164.78000000,165.38000000,164.48000000,164.66000000,45296.71300000
2025-07-11 09:45:00,164.67000000,165.01000000,164.32000000,164.81000000,34513.70400000
2025-07-11 10:00:00,164.81000000,164.82000000,164.18000000,164.49000000,25655.96000000
2025-07-11 10:15:00,164.50000000,165.21000000,164.50000000,165.01000000,28209.29500000
2025-07-11 10:30:00,165.00000000,165.02000000,164.32000000,164.64000000,18911.09800000
2025-07-11 10:45:00,164.64000000,165.01000000,164.59000000,164.79000000,17098.37300000
2025-07-11 11:00:00,164.80000000,165.08000000,163.96000000,164.09000000,29160.22400000
2025-07-11 11:15:00,164.10000000,164.27000000,163.76000000,164.05000000,25585.86100000
2025-07-11 11:30:00,164.05000000,164.40000000,163.98000000,163.99000000,19990.38100000
2025-07-11 11:45:00,163.99000000,164.08000000,163.58000000,163.87000000,19381.41800000
2025-07-11 12:00:00,163.88000000,164.38000000,163.81000000,164.36000000,22082.97100000
2025-07-11 12:15:00,164.36000000,164.36000000,163.34000000,163.41000000,31286.70700000
2025-07-11 12:30:00,163.40000000,163.83000000,163.36000000,163.74000000,20970.21900000
2025-07-11 12:45:00,163.75000000,165.25000000,163.74000000,165.25000000,35619.86900000
2025-07-11 13:00:00,165.24000000,166.65000000,165.01000000,165.76000000,105572.51900000
2025-07-11 13:15:00,165.76000000,165.98000000,164.99000000,165.54000000,51430.03700000
2025-07-11 13:30:00,165.54000000,166.20000000,164.30000000,165.38000000,61618.71200000
2025-07-11 13:45:00,165.38000000,166.94000000,165.05000000,166.40000000,84912.86900000
2025-07-11 14:00:00,166.41000000,166.66000000,165.25000000,165.96000000,62961.20600000
2025-07-11 14:15:00,165.96000000,167.85000000,165.90000000,167.55000000,112112.03800000
2025-07-11 14:30:00,167.55000000,168.20000000,167.18000000,167.27000000,132266.43200000
2025-07-11 14:45:00,167.27000000,167.36000000,165.91000000,166.64000000,86794.71800000
2025-07-11 15:00:00,166.63000000,166.86000000,164.61000000,165.26000000,136518.63200000
2025-07-11 15:15:00,165.25000000,166.09000000,165.15000000,165.36000000,48637.76300000
2025-07-11 15:30:00,165.35000000,165.35000000,163.40000000,164.43000000,163744.70400000
2025-07-11 15:45:00,164.44000000,164.69000000,161.78000000,162.34000000,189436.76300000
2025-07-11 16:00:00,162.34000000,163.22000000,161.31000000,162.17000000,111974.67000000
2025-07-11 16:15:00,162.17000000,162.77000000,161.27000000,162.74000000,80034.30100000
2025-07-11 16:30:00,162.74000000,163.13000000,162.40000000,162.46000000,56425.61900000
2025-07-11 16:45:00,162.47000000,163.24000000,161.68000000,163.22000000,59727.02800000
2025-07-11 17:00:00,163.22000000,163.74000000,163.00000000,163.36000000,45046.26700000
2025-07-11 17:15:00,163.36000000,164.13000000,163.02000000,164.13000000,59579.92400000
2025-07-11 17:30:00,164.13000000,164.30000000,163.26000000,163.69000000,56104.27000000
2025-07-11 17:45:00,163.70000000,164.48000000,163.63000000,164.47000000,31010.12200000
2025-07-11 18:00:00,164.47000000,164.71000000,164.09000000,164.67000000,23186.57200000
2025-07-11 18:15:00,164.68000000,165.03000000,163.60000000,163.78000000,31843.88500000
2025-07-11 18:30:00,163.78000000,164.33000000,163.66000000,164.30000000,18539.75000000
2025-07-11 18:45:00,164.29000000,164.63000000,163.80000000,164.39000000,15257.14700000
2025-07-11 19:00:00,164.40000000,164.40000000,163.30000000,163.94000000,20940.26200000
2025-07-11 19:15:00,163.94000000,164.63000000,163.90000000,164.16000000,19464.37300000
2025-07-11 19:30:00,164.16000000,164.49000000,163.78000000,163.99000000,24045.96300000
2025-07-11 19:45:00,163.98000000,164.59000000,163.95000000,164.58000000,50664.08200000
2025-07-11 20:00:00,164.58000000,164.83000000,163.97000000,164.34000000,26631.38700000
2025-07-11 20:15:00,164.34000000,164.58000000,163.96000000,164.02000000,34308.45700000
2025-07-11 20:30:00,164.02000000,164.03000000,163.03000000,163.16000000,32980.95800000
2025-07-11 20:45:00,163.17000000,163.43000000,162.62000000,162.70000000,34966.76600000
2025-07-11 21:00:00,162.70000000,163.01000000,161.82000000,162.41000000,48462.99900000
2025-07-11 21:15:00,162.41000000,163.06000000,162.15000000,163.04000000,20736.08600000
2025-07-11 21:30:00,163.04000000,163.12000000,161.39000000,161.41000000,51684.29900000
2025-07-11 21:45:00,161.41000000,162.50000000,161.37000000,162.13000000,24297.20600000
2025-07-11 22:00:00,162.14000000,162.63000000,161.64000000,161.67000000,17543.99200000
2025-07-11 22:15:00,161.67000000,161.78000000,159.54000000,160.12000000,129003.34600000
2025-07-11 22:30:00,160.12000000,161.42000000,159.73000000,160.94000000,69239.04000000
2025-07-11 22:45:00,160.94000000,161.76000000,160.92000000,161.68000000,25701.00100000
2025-07-11 23:00:00,161.68000000,162.29000000,161.61000000,162.26000000,38421.68300000
2025-07-11 23:15:00,162.25000000,162.71000000,162.00000000,162.57000000,31256.26700000
2025-07-11 23:30:00,162.56000000,162.77000000,162.18000000,162.72000000,15544.43100000
2025-07-11 23:45:00,162.73000000,163.01000000,162.48000000,162.93000000,16079.16300000
2025-07-12 00:00:00,162.92000000,163.37000000,162.60000000,162.73000000,17667.80700000
2025-07-12 00:15:00,162.72000000,163.00000000,162.46000000,162.96000000,21491.96800000
2025-07-12 00:30:00,162.95000000,162.98000000,161.78000000,161.91000000,36209.40400000
2025-07-12 00:45:00,161.92000000,163.03000000,161.86000000,163.01000000,19262.23800000
2025-07-12 01:00:00,163.00000000,163.75000000,163.00000000,163.63000000,38811.87700000
2025-07-12 01:15:00,163.63000000,163.70000000,163.11000000,163.44000000,12752.53000000
2025-07-12 01:30:00,163.44000000,163.67000000,163.34000000,163.57000000,13529.18900000
2025-07-12 01:45:00,163.58000000,163.79000000,163.35000000,163.44000000,18563.67200000
2025-07-12 02:00:00,163.45000000,163.68000000,163.31000000,163.53000000,12187.10100000
2025-07-12 02:15:00,163.52000000,163.86000000,163.49000000,163.75000000,12325.59400000
2025-07-12 02:30:00,163.75000000,163.90000000,163.38000000,163.52000000,9943.19500000
2025-07-12 02:45:00,163.53000000,163.58000000,162.85000000,162.97000000,21323.30100000
2025-07-12 03:00:00,162.96000000,163.45000000,162.84000000,163.37000000,6674.33700000
2025-07-12 03:15:00,163.38000000,163.64000000,163.37000000,163.49000000,6645.75300000
2025-07-12 03:30:00,163.50000000,163.64000000,163.28000000,163.53000000,11061.91100000
2025-07-12 03:45:00,163.53000000,163.56000000,162.88000000,163.45000000,24867.97700000
2025-07-12 04:00:00,163.46000000,163.64000000,163.04000000,163.26000000,10948.45900000
2025-07-12 04:15:00,163.27000000,163.29000000,162.83000000,163.20000000,28335.23100000
2025-07-12 04:30:00,163.20000000,163.20000000,162.62000000,162.84000000,9074.43500000
2025-07-12 04:45:00,162.83000000,162.87000000,162.21000000,162.51000000,19838.84300000
2025-07-12 05:00:00,162.52000000,162.73000000,162.03000000,162.18000000,17836.91700000
2025-07-12 05:15:00,162.18000000,162.87000000,162.08000000,162.79000000,18635.24900000
2025-07-12 05:30:00,162.80000000,163.08000000,162.66000000,162.94000000,13431.97300000
2025-07-12 05:45:00,162.94000000,163.19000000,162.80000000,163.02000000,9304.74900000
2025-07-12 06:00:00,163.01000000,163.13000000,162.46000000,162.56000000,14888.76000000
2025-07-12 06:15:00,162.57000000,163.15000000,162.46000000,162.96000000,9093.20900000
2025-07-12 06:30:00,162.96000000,163.40000000,162.78000000,163.39000000,14532.35700000
2025-07-12 06:45:00,163.40000000,163.62000000,163.21000000,163.47000000,12949.55500000
2025-07-12 07:00:00,163.47000000,163.84000000,163.24000000,163.59000000,14928.04800000
2025-07-12 07:15:00,163.59000000,163.77000000,163.23000000,163.62000000,11108.73200000
2025-07-12 07:30:00,163.63000000,163.66000000,162.76000000,163.06000000,12877.40500000
2025-07-12 07:45:00,163.06000000,163.28000000,162.75000000,163.22000000,14165.49000000
2025-07-12 08:00:00,163.21000000,163.43000000,162.90000000,163.21000000,15008.23500000
2025-07-12 08:15:00,163.21000000,163.30000000,162.56000000,162.66000000,14598.19900000
2025-07-12 08:30:00,162.65000000,162.65000000,162.26000000,162.52000000,31628.15100000
2025-07-12 08:45:00,162.51000000,162.75000000,162.16000000,162.65000000,24339.76000000
2025-07-12 09:00:00,162.65000000,162.65000000,162.28000000,162.39000000,7760.04600000
2025-07-12 09:15:00,162.39000000,162.73000000,162.38000000,162.46000000,20603.73700000
2025-07-12 09:30:00,162.47000000,162.99000000,162.37000000,162.95000000,10133.20600000
2025-07-12 09:45:00,162.95000000,162.96000000,162.58000000,162.66000000,9035.86800000
2025-07-12 10:00:00,162.65000000,162.66000000,162.30000000,162.44000000,9970.02800000
2025-07-12 10:15:00,162.44000000,162.87000000,162.39000000,162.62000000,10725.59600000
2025-07-12 10:30:00,162.62000000,162.96000000,162.51000000,162.85000000,11320.44500000
2025-07-12 10:45:00,162.86000000,163.15000000,162.81000000,163.01000000,14040.92900000
2025-07-12 11:00:00,163.01000000,163.02000000,162.59000000,162.75000000,12953.39300000
2025-07-12 11:15:00,162.76000000,162.85000000,162.54000000,162.78000000,8156.90700000
2025-07-12 11:30:00,162.78000000,162.79000000,161.88000000,161.94000000,25459.16600000
2025-07-12 11:45:00,161.95000000,162.19000000,161.41000000,161.62000000,27639.87300000
2025-07-12 12:00:00,161.62000000,161.81000000,161.09000000,161.40000000,25233.14200000
2025-07-12 12:15:00,161.39000000,161.45000000,160.72000000,160.94000000,49239.55500000
2025-07-12 12:30:00,160.95000000,161.23000000,159.84000000,159.90000000,84560.97500000
2025-07-12 12:45:00,159.90000000,160.04000000,158.76000000,159.80000000,100722.29700000
2025-07-12 13:00:00,159.79000000,159.79000000,159.38000000,159.59000000,44144.18400000
2025-07-12 13:15:00,159.59000000,159.60000000,158.82000000,159.00000000,40042.43100000
2025-07-12 13:30:00,158.99000000,159.56000000,158.33000000,158.97000000,47548.61300000
2025-07-12 13:45:00,158.96000000,159.72000000,158.67000000,159.71000000,56111.92600000
2025-07-12 14:00:00,159.72000000,160.49000000,159.31000000,160.34000000,63764.29100000
2025-07-12 14:15:00,160.34000000,160.41000000,159.80000000,160.40000000,33049.57800000
2025-07-12 14:30:00,160.40000000,160.40000000,159.34000000,159.56000000,41196.66500000
2025-07-12 14:45:00,159.57000000,159.65000000,158.86000000,159.13000000,26262.92100000
2025-07-12 15:00:00,159.12000000,159.32000000,158.80000000,159.18000000,47398.04900000
2025-07-12 15:15:00,159.19000000,159.59000000,158.60000000,158.89000000,53791.21300000
2025-07-12 15:30:00,158.88000000,159.14000000,157.83000000,158.09000000,74624.73000000
2025-07-12 15:45:00,158.10000000,158.58000000,157.74000000,158.14000000,38836.40400000
2025-07-12 16:00:00,158.14000000,159.04000000,157.93000000,158.97000000,52039.56100000
2025-07-12 16:15:00,158.96000000,159.34000000,158.76000000,158.92000000,25591.32300000
2025-07-12 16:30:00,158.92000000,159.33000000,158.82000000,159.14000000,13781.95700000
2025-07-12 16:45:00,159.15000000,159.45000000,158.67000000,158.72000000,20928.80800000
2025-07-12 17:00:00,158.72000000,159.47000000,158.67000000,159.37000000,12595.98600000
2025-07-12 17:15:00,159.37000000,159.93000000,159.36000000,159.86000000,16191.55300000
2025-07-12 17:30:00,159.85000000,160.36000000,159.70000000,160.14000000,23284.57600000
2025-07-12 17:45:00,160.14000000,160.62000000,159.93000000,160.45000000,18288.96100000
2025-07-12 18:00:00,160.45000000,160.46000000,160.08000000,160.24000000,12041.15600000
2025-07-12 18:15:00,160.24000000,160.24000000,159.80000000,160.13000000,11469.66100000
2025-07-12 18:30:00,160.14000000,160.50000000,160.13000000,160.23000000,10375.13900000
2025-07-12 18:45:00,160.23000000,160.70000000,159.90000000,160.29000000,33391.37200000
2025-07-12 19:00:00,160.28000000,160.75000000,160.25000000,160.57000000,15153.77600000
2025-07-12 19:15:00,160.56000000,160.68000000,160.22000000,160.23000000,6524.57300000
2025-07-12 19:30:00,160.22000000,160.66000000,160.22000000,160.59000000,5137.62400000
2025-07-12 19:45:00,160.58000000,160.73000000,160.49000000,160.71000000,12635.49600000
2025-07-12 20:00:00,160.71000000,160.78000000,160.35000000,160.39000000,8747.69200000
2025-07-12 20:15:00,160.39000000,160.51000000,160.03000000,160.34000000,10523.51500000
2025-07-12 20:30:00,160.34000000,160.38000000,159.80000000,159.96000000,8567.94500000
2025-07-12 20:45:00,159.95000000,159.95000000,159.00000000,159.00000000,16853.35200000
2025-07-12 21:00:00,159.00000000,159.69000000,158.94000000,159.12000000,13657.75800000
2025-07-12 21:15:00,159.12000000,159.96000000,159.12000000,159.83000000,6415.78700000
2025-07-12 21:30:00,159.84000000,160.45000000,159.56000000,160.38000000,19226.82700000
2025-07-12 21:45:00,160.38000000,160.60000000,160.05000000,160.59000000,14337.43700000
2025-07-12 22:00:00,160.60000000,160.66000000,160.05000000,160.31000000,8517.47200000
2025-07-12 22:15:00,160.32000000,160.43000000,159.62000000,160.42000000,9072.15300000
2025-07-12 22:30:00,160.43000000,160.56000000,160.27000000,160.33000000,6200.23300000
2025-07-12 22:45:00,160.33000000,160.46000000,159.93000000,160.44000000,7751.43100000
2025-07-12 23:00:00,160.43000000,160.54000000,159.86000000,160.07000000,6945.61000000
2025-07-12 23:15:00,160.07000000,160.44000000,160.07000000,160.27000000,3915.80600000
2025-07-12 23:30:00,160.27000000,160.42000000,160.05000000,160.15000000,4298.57400000
2025-07-12 23:45:00,160.15000000,160.94000000,160.08000000,160.69000000,13581.04900000
2025-07-13 00:00:00,160.70000000,160.77000000,160.20000000,160.50000000,8361.74600000
2025-07-13 00:15:00,160.51000000,161.75000000,160.27000000,161.54000000,47161.15500000
2025-07-13 00:30:00,161.54000000,161.55000000,160.86000000,161.43000000,13406.84000000
2025-07-13 00:45:00,161.44000000,161.44000000,160.82000000,160.89000000,13671.39600000
2025-07-13 01:00:00,160.89000000,161.28000000,160.88000000,160.94000000,11391.95500000
2025-07-13 01:15:00,160.95000000,161.28000000,160.75000000,161.10000000,12857.03300000
2025-07-13 01:30:00,161.11000000,161.44000000,160.87000000,161.41000000,13432.47500000
2025-07-13 01:45:00,161.42000000,161.75000000,161.33000000,161.50000000,12857.09600000
2025-07-13 02:00:00,161.51000000,161.54000000,161.08000000,161.18000000,10562.59800000
2025-07-13 02:15:00,161.17000000,161.18000000,160.72000000,160.82000000,7115.88000000
2025-07-13 02:30:00,160.81000000,161.12000000,160.63000000,161.12000000,11011.44700000
2025-07-13 02:45:00,161.12000000,161.78000000,161.11000000,161.40000000,13081.21600000
2025-07-13 03:00:00,161.40000000,161.49000000,160.87000000,160.88000000,8298.01700000
2025-07-13 03:15:00,160.88000000,161.16000000,160.84000000,161.05000000,8516.87300000
2025-07-13 03:30:00,161.04000000,161.37000000,160.99000000,161.18000000,9968.43100000
2025-07-13 03:45:00,161.17000000,161.37000000,161.01000000,161.21000000,4733.63800000
2025-07-13 04:00:00,161.21000000,161.60000000,161.04000000,161.37000000,21943.92400000
2025-07-13 04:15:00,161.36000000,162.04000000,161.25000000,161.70000000,18607.12800000
2025-07-13 04:30:00,161.70000000,162.04000000,161.63000000,161.78000000,14235.31900000
2025-07-13 04:45:00,161.78000000,162.13000000,161.78000000,161.96000000,11030.91800000
2025-07-13 05:00:00,161.96000000,162.24000000,161.58000000,161.91000000,14736.65400000
2025-07-13 05:15:00,161.91000000,162.03000000,161.60000000,162.01000000,5491.65300000
2025-07-13 05:30:00,162.01000000,162.22000000,161.77000000,161.80000000,13614.65300000
2025-07-13 05:45:00,161.81000000,161.83000000,161.30000000,161.35000000,11164.18200000
2025-07-13 06:00:00,161.35000000,161.68000000,161.26000000,161.61000000,8734.92500000
2025-07-13 06:15:00,161.62000000,161.86000000,161.55000000,161.81000000,9165.22700000
2025-07-13 06:30:00,161.82000000,162.17000000,161.78000000,161.89000000,17347.34200000
2025-07-13 06:45:00,161.89000000,161.90000000,161.52000000,161.58000000,13400.91200000
2025-07-13 07:00:00,161.59000000,162.07000000,161.44000000,162.00000000,11241.79600000
2025-07-13 07:15:00,162.01000000,162.18000000,161.96000000,162.02000000,16647.86000000
2025-07-13 07:30:00,162.01000000,162.56000000,161.98000000,162.34000000,20180.81300000
2025-07-13 07:45:00,162.33000000,162.98000000,162.30000000,162.67000000,33396.52600000
2025-07-13 08:00:00,162.67000000,162.74000000,162.25000000,162.50000000,29863.76000000
2025-07-13 08:15:00,162.50000000,162.51000000,162.11000000,162.39000000,8240.95400000
2025-07-13 08:30:00,162.39000000,162.49000000,162.03000000,162.06000000,6170.39500000
2025-07-13 08:45:00,162.06000000,162.22000000,161.66000000,162.22000000,9745.84200000
2025-07-13 09:00:00,162.22000000,162.49000000,162.22000000,162.26000000,6837.86300000
2025-07-13 09:15:00,162.26000000,162.28000000,161.80000000,162.03000000,8062.16900000
2025-07-13 09:30:00,162.03000000,162.03000000,161.57000000,161.85000000,9151.70400000
2025-07-13 09:45:00,161.85000000,161.95000000,161.65000000,161.89000000,5483.32100000
2025-07-13 10:00:00,161.89000000,162.09000000,161.88000000,161.91000000,5973.06600000
2025-07-13 10:15:00,161.91000000,161.96000000,161.70000000,161.78000000,8205.85800000
2025-07-13 10:30:00,161.78000000,161.93000000,161.64000000,161.84000000,5670.12000000
2025-07-13 10:45:00,161.84000000,161.91000000,161.58000000,161.82000000,8985.72700000
2025-07-13 11:00:00,161.82000000,162.55000000,161.81000000,162.52000000,12653.39600000
2025-07-13 11:15:00,162.52000000,162.72000000,162.13000000,162.47000000,13124.66400000
2025-07-13 11:30:00,162.46000000,162.47000000,161.76000000,161.81000000,21667.71200000
2025-07-13 11:45:00,161.82000000,162.08000000,161.71000000,162.06000000,9965.64500000
2025-07-13 12:00:00,162.06000000,162.09000000,161.81000000,161.90000000,13117.06900000
2025-07-13 12:15:00,161.90000000,162.28000000,161.84000000,162.16000000,13399.42200000
2025-07-13 12:30:00,162.17000000,162.17000000,161.79000000,162.16000000,19581.48700000
2025-07-13 12:45:00,162.16000000,162.91000000,161.93000000,162.66000000,37855.18900000
2025-07-13 13:00:00,162.67000000,162.83000000,161.94000000,162.08000000,22414.82000000
2025-07-13 13:15:00,162.09000000,162.35000000,161.97000000,162.18000000,18086.00000000
2025-07-13 13:30:00,162.19000000,162.73000000,162.17000000,162.67000000,18670.46900000
2025-07-13 13:45:00,162.66000000,162.99000000,162.48000000,162.91000000,24265.67400000
2025-07-13 14:00:00,162.92000000,163.25000000,162.65000000,163.07000000,19795.41000000
2025-07-13 14:15:00,163.07000000,164.19000000,163.04000000,163.89000000,115694.43500000
2025-07-13 14:30:00,163.90000000,163.90000000,162.93000000,162.97000000,31206.24900000
2025-07-13 14:45:00,162.98000000,163.43000000,162.36000000,162.80000000,37015.28500000
2025-07-13 15:00:00,162.81000000,163.40000000,162.42000000,163.26000000,22919.80900000
2025-07-13 15:15:00,163.27000000,163.49000000,162.67000000,162.98000000,17581.90000000
2025-07-13 15:30:00,162.97000000,162.97000000,161.93000000,162.17000000,28337.89100000
2025-07-13 15:45:00,162.16000000,162.29000000,161.87000000,162.04000000,20842.68900000
2025-07-13 16:00:00,162.04000000,162.44000000,161.66000000,161.96000000,43161.43300000
2025-07-13 16:15:00,161.96000000,162.44000000,161.88000000,162.12000000,29991.25500000
2025-07-13 16:30:00,162.11000000,162.11000000,161.60000000,161.76000000,32049.31200000
2025-07-13 16:45:00,161.76000000,161.76000000,160.87000000,160.93000000,47148.40800000
2025-07-13 17:00:00,160.93000000,161.39000000,160.53000000,161.21000000,26497.39400000
2025-07-13 17:15:00,161.20000000,161.88000000,161.09000000,161.82000000,26836.09700000
2025-07-13 17:30:00,161.82000000,162.44000000,161.77000000,162.33000000,21138.06900000
2025-07-13 17:45:00,162.33000000,162.79000000,162.33000000,162.67000000,16553.30000000
2025-07-13 18:00:00,162.68000000,162.90000000,162.38000000,162.65000000,12977.94200000
2025-07-13 18:15:00,162.65000000,163.25000000,162.62000000,163.09000000,39926.03900000
2025-07-13 18:30:00,163.09000000,163.29000000,162.82000000,162.89000000,25012.06300000
2025-07-13 18:45:00,162.89000000,163.24000000,162.66000000,163.08000000,18590.49100000
2025-07-13 19:00:00,163.08000000,163.10000000,162.75000000,162.90000000,14441.05800000
2025-07-13 19:15:00,162.90000000,163.39000000,162.80000000,163.29000000,29114.17200000
2025-07-13 19:30:00,163.30000000,163.55000000,162.96000000,162.98000000,25593.06300000
2025-07-13 19:45:00,162.99000000,163.24000000,162.52000000,162.54000000,14167.35600000
2025-07-13 20:00:00,162.53000000,162.69000000,161.97000000,162.44000000,16580.59400000
2025-07-13 20:15:00,162.44000000,162.88000000,162.44000000,162.86000000,11341.80600000
2025-07-13 20:30:00,162.85000000,163.06000000,162.81000000,162.84000000,12267.00200000
2025-07-13 20:45:00,162.84000000,162.87000000,162.44000000,162.57000000,7072.36800000
2025-07-13 21:00:00,162.56000000,162.56000000,161.99000000,162.00000000,16113.82500000
2025-07-13 21:15:00,162.00000000,162.06000000,161.76000000,161.89000000,25902.43800000
2025-07-13 21:30:00,161.89000000,161.89000000,160.14000000,160.91000000,73806.04400000
2025-07-13 21:45:00,160.91000000,161.30000000,160.39000000,160.56000000,37273.64300000
2025-07-13 22:00:00,160.55000000,160.75000000,159.89000000,160.16000000,58292.82300000
2025-07-13 22:15:00,160.15000000,160.48000000,159.63000000,160.12000000,38545.77300000
2025-07-13 22:30:00,160.12000000,161.08000000,160.09000000,160.98000000,22938.56600000
2025-07-13 22:45:00,160.98000000,161.06000000,160.73000000,160.80000000,13800.48100000
2025-07-13 23:00:00,160.79000000,161.08000000,160.39000000,160.65000000,18418.05700000
2025-07-13 23:15:00,160.66000000,160.99000000,160.30000000,160.44000000,25341.16600000
2025-07-13 23:30:00,160.44000000,161.05000000,160.44000000,160.90000000,13646.00200000
2025-07-13 23:45:00,160.89000000,161.46000000,160.85000000,161.15000000,37254.18900000
2025-07-14 00:00:00,161.15000000,161.28000000,160.61000000,161.28000000,24562.22000000
2025-07-14 00:15:00,161.27000000,161.90000000,161.13000000,161.52000000,24914.57900000
2025-07-14 00:30:00,161.51000000,162.30000000,161.24000000,162.24000000,16983.35600000
2025-07-14 00:45:00,162.24000000,162.30000000,161.48000000,161.63000000,19056.47200000
2025-07-14 01:00:00,161.64000000,162.18000000,161.50000000,161.90000000,14832.60600000
2025-07-14 01:15:00,161.89000000,162.28000000,161.85000000,161.92000000,22657.57100000
2025-07-14 01:30:00,161.93000000,162.74000000,161.74000000,162.48000000,19696.69700000
2025-07-14 01:45:00,162.49000000,162.86000000,162.18000000,162.80000000,16538.48400000
2025-07-14 02:00:00,162.80000000,163.40000000,162.61000000,163.34000000,32529.27900000
2025-07-14 02:15:00,163.33000000,164.43000000,163.30000000,164.20000000,67573.19000000
2025-07-14 02:30:00,164.20000000,164.64000000,163.86000000,164.54000000,51914.10600000
2025-07-14 02:45:00,164.54000000,165.48000000,164.51000000,164.91000000,97153.19200000
2025-07-14 03:00:00,164.90000000,165.77000000,164.70000000,165.68000000,59121.89600000
2025-07-14 03:15:00,165.69000000,166.70000000,165.56000000,166.35000000,104484.81200000
2025-07-14 03:30:00,166.34000000,168.20000000,166.10000000,168.15000000,146518.14300000
2025-07-14 03:45:00,168.16000000,168.20000000,166.75000000,167.11000000,125683.50000000
2025-07-14 04:00:00,167.11000000,167.68000000,166.78000000,167.42000000,85626.26900000
2025-07-14 04:15:00,167.42000000,167.93000000,167.33000000,167.37000000,54107.97500000
2025-07-14 04:30:00,167.37000000,167.80000000,167.12000000,167.67000000,57004.54700000
2025-07-14 04:45:00,167.67000000,167.81000000,167.39000000,167.52000000,31481.29000000
2025-07-14 05:00:00,167.53000000,168.15000000,166.93000000,167.63000000,56713.21500000
2025-07-14 05:15:00,167.63000000,168.63000000,167.11000000,168.43000000,105969.26700000
2025-07-14 05:30:00,168.43000000,168.65000000,166.80000000,166.93000000,62055.34100000
2025-07-14 05:45:00,166.93000000,167.25000000,165.47000000,166.79000000,87495.49100000
2025-07-14 06:00:00,166.80000000,166.83000000,165.57000000,165.94000000,47933.97200000
2025-07-14 06:15:00,165.93000000,166.45000000,165.87000000,166.32000000,33459.76200000
2025-07-14 06:30:00,166.32000000,166.32000000,165.83000000,166.00000000,24518.78900000
2025-07-14 06:45:00,166.00000000,166.09000000,165.37000000,165.71000000,30819.10900000
2025-07-14 07:00:00,165.71000000,166.37000000,165.68000000,166.24000000,21543.59900000
2025-07-14 07:15:00,166.23000000,166.29000000,165.71000000,166.00000000,10573.67500000
2025-07-14 07:30:00,165.99000000,167.00000000,165.95000000,166.64000000,52121.12600000
2025-07-14 07:45:00,166.64000000,168.37000000,166.36000000,167.25000000,83916.06300000
2025-07-14 08:00:00,167.26000000,167.47000000,166.48000000,166.59000000,41086.17200000
2025-07-14 08:15:00,166.59000000,166.99000000,166.04000000,166.27000000,28653.22800000
2025-07-14 08:30:00,166.28000000,166.74000000,166.13000000,166.70000000,34173.24300000
2025-07-14 08:45:00,166.71000000,167.52000000,166.42000000,167.46000000,39495.53200000
2025-07-14 09:00:00,167.46000000,167.84000000,167.06000000,167.40000000,30765.34800000
2025-07-14 09:15:00,167.39000000,167.79000000,167.07000000,167.23000000,29581.20600000
2025-07-14 09:30:00,167.22000000,168.11000000,167.10000000,167.81000000,33028.90900000
2025-07-14 09:45:00,167.82000000,168.15000000,167.28000000,167.38000000,29640.32100000
2025-07-14 10:00:00,167.39000000,167.39000000,166.47000000,167.23000000,35603.66000000
2025-07-14 10:15:00,167.24000000,167.47000000,166.92000000,167.35000000,21403.45900000
2025-07-14 10:30:00,167.36000000,167.66000000,166.98000000,167.25000000,31941.90800000
2025-07-14 10:45:00,167.25000000,167.66000000,167.10000000,167.58000000,31774.23500000
2025-07-14 11:00:00,167.59000000,167.67000000,167.09000000,167.34000000,36476.35100000
2025-07-14 11:15:00,167.34000000,167.47000000,166.68000000,166.91000000,45524.57700000
2025-07-14 11:30:00,166.90000000,167.07000000,166.31000000,167.07000000,25716.18600000
2025-07-14 11:45:00,167.08000000,167.23000000,166.53000000,166.53000000,18542.90400000
2025-07-14 12:00:00,166.53000000,167.36000000,166.40000000,167.28000000,22134.44400000
2025-07-14 12:15:00,167.27000000,167.39000000,166.66000000,166.91000000,35836.55100000
2025-07-14 12:30:00,166.91000000,167.11000000,166.47000000,166.90000000,23906.44200000
2025-07-14 12:45:00,166.90000000,166.99000000,166.52000000,166.93000000,13865.01700000
2025-07-14 13:00:00,166.92000000,167.52000000,166.87000000,167.38000000,36603.79100000
2025-07-14 13:15:00,167.37000000,167.50000000,166.57000000,166.94000000,21265.19200000
2025-07-14 13:30:00,166.94000000,167.13000000,166.17000000,167.12000000,49596.59600000
2025-07-14 13:45:00,167.13000000,168.52000000,167.11000000,167.93000000,91433.98400000
2025-07-14 14:00:00,167.94000000,168.60000000,167.32000000,168.16000000,91042.44200000
2025-07-14 14:15:00,168.17000000,168.55000000,166.50000000,167.10000000,61731.18900000
2025-07-14 14:30:00,167.11000000,167.15000000,165.79000000,166.41000000,75073.74600000
2025-07-14 14:45:00,166.41000000,166.75000000,165.43000000,166.71000000,55541.32500000
2025-07-14 15:00:00,166.70000000,166.71000000,164.94000000,165.44000000,66183.53800000
2025-07-14 15:15:00,165.44000000,165.51000000,164.46000000,165.16000000,63537.63100000
2025-07-14 15:30:00,165.17000000,165.22000000,164.49000000,164.87000000,31777.82100000
2025-07-14 15:45:00,164.87000000,164.88000000,163.04000000,163.96000000,82064.42000000
2025-07-14 16:00:00,163.96000000,164.10000000,163.29000000,163.43000000,35089.50800000
2025-07-14 16:15:00,163.42000000,164.87000000,163.32000000,164.73000000,66508.68100000
2025-07-14 16:30:00,164.73000000,165.03000000,164.24000000,164.64000000,48455.12700000
2025-07-14 16:45:00,164.64000000,165.35000000,164.32000000,165.26000000,50325.15400000
2025-07-14 17:00:00,165.26000000,165.26000000,164.69000000,164.82000000,28229.18200000
2025-07-14 17:15:00,164.81000000,164.90000000,163.97000000,164.06000000,60618.24900000
2025-07-14 17:30:00,164.07000000,164.43000000,163.49000000,163.66000000,32822.88000000
2025-07-14 17:45:00,163.67000000,164.35000000,163.62000000,164.35000000,17959.68900000
2025-07-14 18:00:00,164.35000000,164.40000000,163.78000000,164.23000000,16507.92800000
2025-07-14 18:15:00,164.23000000,164.50000000,163.79000000,164.15000000,16294.76600000
2025-07-14 18:30:00,164.14000000,164.33000000,163.10000000,163.93000000,17504.78000000
2025-07-14 18:45:00,163.94000000,163.97000000,162.62000000,162.72000000,36565.01100000
2025-07-14 19:00:00,162.72000000,163.55000000,162.42000000,163.18000000,26186.45700000
2025-07-14 19:15:00,163.18000000,163.69000000,162.90000000,163.59000000,11789.75200000
2025-07-14 19:30:00,163.60000000,164.06000000,163.59000000,163.80000000,12466.06200000
2025-07-14 19:45:00,163.79000000,164.36000000,163.59000000,164.30000000,59817.80800000
2025-07-14 20:00:00,164.31000000,164.31000000,162.80000000,162.82000000,26120.98500000
2025-07-14 20:15:00,162.82000000,163.06000000,161.98000000,163.03000000,47138.10300000
2025-07-14 20:30:00,163.03000000,163.45000000,162.85000000,163.37000000,31812.71700000
2025-07-14 20:45:00,163.37000000,163.54000000,162.96000000,162.96000000,21958.84700000
2025-07-14 21:00:00,162.96000000,162.96000000,162.43000000,162.50000000,37793.10600000
2025-07-14 21:15:00,162.51000000,162.79000000,162.24000000,162.61000000,23532.85300000
2025-07-14 21:30:00,162.62000000,162.83000000,162.47000000,162.64000000,13483.38600000
2025-07-14 21:45:00,162.63000000,162.83000000,162.17000000,162.51000000,17868.68800000
2025-07-14 22:00:00,162.52000000,162.52000000,161.76000000,162.11000000,40592.64800000
2025-07-14 22:15:00,162.11000000,162.61000000,161.99000000,162.53000000,27680.72300000
2025-07-14 22:30:00,162.52000000,162.67000000,162.31000000,162.61000000,19933.29000000
2025-07-14 22:45:00,162.61000000,162.75000000,162.27000000,162.30000000,22737.46600000
2025-07-14 23:00:00,162.30000000,162.30000000,161.98000000,162.12000000,28691.31100000
2025-07-14 23:15:00,162.11000000,162.11000000,161.67000000,161.96000000,22061.28800000
2025-07-14 23:30:00,161.97000000,162.24000000,161.85000000,162.22000000,13690.50200000
2025-07-14 23:45:00,162.22000000,162.42000000,162.10000000,162.21000000,16908.62500000
2025-07-15 00:00:00,162.21000000,162.27000000,161.88000000,161.94000000,18571.75300000
2025-07-15 00:15:00,161.95000000,162.89000000,161.86000000,162.74000000,20695.67400000
2025-07-15 00:30:00,162.74000000,162.74000000,161.24000000,161.63000000,27625.42500000
2025-07-15 00:45:00,161.64000000,161.78000000,161.06000000,161.40000000,31466.49400000
2025-07-15 01:00:00,161.40000000,161.41000000,160.53000000,160.76000000,56566.85900000
2025-07-15 01:15:00,160.76000000,161.43000000,160.34000000,161.03000000,26406.79000000
2025-07-15 01:30:00,161.02000000,161.98000000,160.90000000,161.92000000,30591.08900000
2025-07-15 01:45:00,161.92000000,162.37000000,160.78000000,161.11000000,26202.94800000
2025-07-15 02:00:00,161.11000000,161.53000000,160.83000000,161.05000000,19892.35800000
2025-07-15 02:15:00,161.05000000,161.16000000,159.23000000,159.36000000,94074.60600000
2025-07-15 02:30:00,159.37000000,160.51000000,159.11000000,160.50000000,87829.72700000
2025-07-15 02:45:00,160.50000000,160.80000000,160.40000000,160.58000000,47929.18000000
2025-07-15 03:00:00,160.57000000,160.68000000,158.72000000,159.09000000,86364.49800000
2025-07-15 03:15:00,159.09000000,159.34000000,158.17000000,159.25000000,58237.04400000
2025-07-15 03:30:00,159.25000000,159.63000000,158.61000000,159.39000000,43669.76500000
2025-07-15 03:45:00,159.40000000,159.62000000,158.70000000,159.15000000,24778.90000000
2025-07-15 04:00:00,159.14000000,159.30000000,158.26000000,159.27000000,35492.56400000
2025-07-15 04:15:00,159.28000000,160.07000000,159.28000000,159.91000000,31509.24800000
2025-07-15 04:30:00,159.91000000,160.21000000,159.46000000,160.10000000,24161.92600000
2025-07-15 04:45:00,160.10000000,160.24000000,159.80000000,160.11000000,19281.91100000
2025-07-15 05:00:00,160.11000000,160.55000000,160.07000000,160.48000000,16795.70700000
2025-07-15 05:15:00,160.48000000,160.49000000,160.20000000,160.40000000,12698.22200000
2025-07-15 05:30:00,160.40000000,160.41000000,159.84000000,160.06000000,19242.72900000
2025-07-15 05:45:00,160.06000000,160.33000000,159.82000000,160.26000000,9661.83200000
2025-07-15 06:00:00,160.25000000,160.87000000,160.02000000,160.54000000,25818.09200000
2025-07-15 06:15:00,160.53000000,160.74000000,160.30000000,160.46000000,33044.32500000
2025-07-15 06:30:00,160.46000000,160.67000000,160.14000000,160.47000000,28483.36200000
2025-07-15 06:45:00,160.46000000,160.63000000,160.06000000,160.40000000,17724.87900000
2025-07-15 07:00:00,160.41000000,160.72000000,160.20000000,160.25000000,20294.76300000
2025-07-15 07:15:00,160.25000000,160.59000000,160.03000000,160.50000000,11448.91400000
2025-07-15 07:30:00,160.49000000,160.49000000,159.95000000,160.08000000,22946.55000000
2025-07-15 07:45:00,160.09000000,160.15000000,159.37000000,159.54000000,47654.64400000
2025-07-15 08:00:00,159.54000000,159.61000000,159.22000000,159.24000000,29895.38100000
2025-07-15 08:15:00,159.23000000,159.24000000,158.39000000,159.17000000,37202.13400000
2025-07-15 08:30:00,159.17000000,159.63000000,158.95000000,159.44000000,52197.27600000
2025-07-15 08:45:00,159.45000000,159.58000000,159.09000000,159.23000000,17082.18900000
2025-07-15 09:00:00,159.23000000,159.76000000,159.19000000,159.74000000,11969.82200000
2025-07-15 09:15:00,159.74000000,159.89000000,159.21000000,159.76000000,17114.05400000
2025-07-15 09:30:00,159.77000000,159.93000000,159.54000000,159.57000000,10332.47700000
2025-07-15 09:45:00,159.57000000,159.71000000,159.01000000,159.09000000,17579.03400000
2025-07-15 10:00:00,159.08000000,159.58000000,159.05000000,159.27000000,12433.71700000
2025-07-15 10:15:00,159.28000000,159.79000000,159.25000000,159.68000000,12458.81300000
2025-07-15 10:30:00,159.69000000,159.82000000,159.31000000,159.73000000,13079.06100000
2025-07-15 10:45:00,159.74000000,159.84000000,159.47000000,159.55000000,15854.38400000
2025-07-15 11:00:00,159.54000000,160.14000000,159.48000000,159.82000000,28465.99800000
2025-07-15 11:15:00,159.81000000,159.81000000,158.94000000,159.18000000,23424.52600000
2025-07-15 11:30:00,159.18000000,159.36000000,158.93000000,159.32000000,21795.03700000
2025-07-15 11:45:00,159.33000000,159.92000000,159.03000000,159.86000000,38245.92600000
2025-07-15 12:00:00,159.87000000,160.08000000,159.40000000,159.48000000,18755.93600000
2025-07-15 12:15:00,159.48000000,159.62000000,158.92000000,159.11000000,23637.34800000
2025-07-15 12:30:00,159.12000000,161.05000000,158.34000000,158.71000000,125900.12900000
2025-07-15 12:45:00,158.71000000,159.99000000,158.71000000,159.92000000,28209.21200000
2025-07-15 13:00:00,159.92000000,161.00000000,159.74000000,160.97000000,65676.07800000
2025-07-15 13:15:00,160.97000000,161.11000000,160.35000000,160.87000000,42922.96100000
2025-07-15 13:30:00,160.86000000,161.09000000,159.94000000,160.87000000,38706.92300000
2025-07-15 13:45:00,160.87000000,162.04000000,160.70000000,161.24000000,75364.55500000
2025-07-15 14:00:00,161.24000000,162.17000000,161.03000000,162.11000000,36091.99400000
2025-07-15 14:15:00,162.12000000,162.14000000,161.03000000,161.27000000,88671.58400000
2025-07-15 14:30:00,161.27000000,161.37000000,158.95000000,159.42000000,81061.55800000
2025-07-15 14:45:00,159.41000000,159.55000000,157.23000000,157.77000000,122899.24300000
2025-07-15 15:00:00,157.78000000,158.49000000,157.31000000,158.36000000,65208.22400000
2025-07-15 15:15:00,158.35000000,159.03000000,158.28000000,158.97000000,40527.12200000
2025-07-15 15:30:00,158.97000000,160.00000000,158.64000000,159.67000000,39806.29400000
2025-07-15 15:45:00,159.67000000,160.96000000,159.67000000,160.47000000,46229.36600000
2025-07-15 16:00:00,160.46000000,161.45000000,160.28000000,160.89000000,49734.09800000
2025-07-15 16:15:00,160.90000000,161.13000000,160.35000000,160.64000000,29792.97000000
2025-07-15 16:30:00,160.63000000,161.60000000,160.63000000,161.51000000,20100.90400000
2025-07-15 16:45:00,161.51000000,161.58000000,160.80000000,160.97000000,32038.67600000
2025-07-15 17:00:00,160.97000000,161.42000000,160.86000000,161.26000000,18656.54600000
2025-07-15 17:15:00,161.26000000,162.12000000,161.15000000,162.03000000,30216.96000000
2025-07-15 17:30:00,162.02000000,162.15000000,161.65000000,162.09000000,23474.80800000
2025-07-15 17:45:00,162.09000000,162.85000000,162.08000000,162.81000000,46690.48900000
2025-07-15 18:00:00,162.81000000,162.98000000,162.23000000,162.81000000,46369.32300000
2025-07-15 18:15:00,162.80000000,163.70000000,162.47000000,162.99000000,148873.42600000
2025-07-15 18:30:00,163.00000000,163.03000000,160.81000000,161.63000000,129207.05300000
2025-07-15 18:45:00,161.63000000,162.50000000,161.46000000,161.88000000,73816.57700000
2025-07-15 19:00:00,161.88000000,162.90000000,161.69000000,162.66000000,68165.94600000
2025-07-15 19:15:00,162.66000000,162.68000000,161.85000000,162.09000000,27756.52300000
2025-07-15 19:30:00,162.09000000,162.23000000,160.52000000,160.65000000,28187.64500000
2025-07-15 19:45:00,160.65000000,160.77000000,159.98000000,160.22000000,45340.14100000
2025-07-15 20:00:00,160.22000000,160.91000000,159.71000000,160.82000000,25488.46300000
2025-07-15 20:15:00,160.82000000,161.12000000,160.30000000,160.95000000,21968.32000000
2025-07-15 20:30:00,160.94000000,161.28000000,160.46000000,160.72000000,47326.85300000
2025-07-15 20:45:00,160.72000000,160.89000000,160.57000000,160.69000000,30734.07500000
2025-07-15 21:00:00,160.68000000,161.44000000,160.56000000,161.43000000,20554.10600000
2025-07-15 21:15:00,161.43000000,161.85000000,161.29000000,161.76000000,15687.97300000
2025-07-15 21:30:00,161.76000000,162.64000000,161.66000000,162.25000000,33732.11800000
2025-07-15 21:45:00,162.26000000,162.45000000,161.57000000,161.92000000,57918.12700000
2025-07-15 22:00:00,161.92000000,162.07000000,161.37000000,161.68000000,31858.07700000
2025-07-15 22:15:00,161.68000000,162.14000000,161.59000000,161.87000000,15100.71300000
2025-07-15 22:30:00,161.86000000,162.22000000,161.46000000,162.16000000,17542.39800000
2025-07-15 22:45:00,162.17000000,162.54000000,162.03000000,162.54000000,16373.33300000
2025-07-15 23:00:00,162.53000000,164.12000000,162.53000000,163.70000000,77603.44500000
2025-07-15 23:15:00,163.70000000,164.26000000,163.70000000,163.82000000,26113.42200000
2025-07-15 23:30:00,163.82000000,164.16000000,163.53000000,164.07000000,15331.20700000
2025-07-15 23:45:00,164.06000000,164.10000000,163.75000000,163.98000000,17579.90400000
2025-07-16 00:00:00,163.98000000,164.07000000,163.54000000,163.61000000,28602.74000000
2025-07-16 00:15:00,163.60000000,164.59000000,163.60000000,164.47000000,54256.81000000
2025-07-16 00:30:00,164.47000000,165.11000000,164.31000000,165.11000000,54952.51500000
2025-07-16 00:45:00,165.11000000,165.26000000,164.59000000,164.75000000,25909.94600000
2025-07-16 01:00:00,164.75000000,164.79000000,164.30000000,164.36000000,25782.71800000
2025-07-16 01:15:00,164.37000000,164.65000000,164.33000000,164.44000000,15622.65900000
2025-07-16 01:30:00,164.43000000,164.65000000,164.06000000,164.20000000,25191.51500000
2025-07-16 01:45:00,164.20000000,164.22000000,163.77000000,163.91000000,31271.39700000
2025-07-16 02:00:00,163.91000000,164.10000000,163.30000000,163.49000000,24085.59400000
2025-07-16 02:15:00,163.49000000,163.64000000,162.20000000,162.31000000,55199.97500000
2025-07-16 02:30:00,162.30000000,162.44000000,161.51000000,161.65000000,43136.94200000
2025-07-16 02:45:00,161.65000000,162.32000000,161.65000000,162.08000000,30030.21500000
2025-07-16 03:00:00,162.08000000,162.38000000,161.87000000,161.90000000,29333.27900000
2025-07-16 03:15:00,161.90000000,162.54000000,161.90000000,162.34000000,22648.28000000
2025-07-16 03:30:00,162.33000000,162.73000000,162.32000000,162.73000000,13626.94400000
2025-07-16 03:45:00,162.73000000,162.74000000,162.41000000,162.50000000,11631.87500000
2025-07-16 04:00:00,162.51000000,162.64000000,161.79000000,161.86000000,16504.28600000
2025-07-16 04:15:00,161.86000000,162.68000000,161.85000000,162.65000000,14965.25000000
2025-07-16 04:30:00,162.65000000,162.87000000,162.51000000,162.62000000,9330.48600000
2025-07-16 04:45:00,162.63000000,162.69000000,162.20000000,162.49000000,11457.33300000
2025-07-16 05:00:00,162.50000000,163.29000000,162.50000000,163.23000000,23468.61400000
2025-07-16 05:15:00,163.24000000,163.24000000,162.83000000,163.05000000,19552.57200000
2025-07-16 05:30:00,163.05000000,163.53000000,163.00000000,163.43000000,20994.08600000
2025-07-16 05:45:00,163.44000000,163.56000000,162.97000000,163.18000000,19358.86500000
2025-07-16 06:00:00,163.18000000,163.22000000,162.60000000,162.63000000,13883.94200000
2025-07-16 06:15:00,162.64000000,163.46000000,162.64000000,163.24000000,13145.29600000
2025-07-16 06:30:00,163.24000000,163.76000000,163.08000000,163.69000000,14961.68900000
2025-07-16 06:45:00,163.69000000,164.12000000,163.59000000,164.12000000,21119.37800000
2025-07-16 07:00:00,164.11000000,164.26000000,163.62000000,163.73000000,29784.47100000
2025-07-16 07:15:00,163.73000000,164.13000000,163.70000000,164.08000000,12852.30000000
2025-07-16 07:30:00,164.07000000,164.64000000,163.96000000,164.37000000,36706.14000000
2025-07-16 07:45:00,164.37000000,164.42000000,164.05000000,164.05000000,25536.77100000
2025-07-16 08:00:00,164.05000000,164.24000000,163.81000000,163.89000000,22470.70100000
2025-07-16 08:15:00,163.89000000,164.36000000,163.86000000,164.32000000,14310.27100000
2025-07-16 08:30:00,164.33000000,165.12000000,164.32000000,165.11000000,46841.61900000
2025-07-16 08:45:00,165.12000000,165.61000000,164.89000000,165.52000000,45611.05700000
2025-07-16 09:00:00,165.51000000,166.59000000,165.50000000,166.59000000,76013.91900000
2025-07-16 09:15:00,166.59000000,167.58000000,166.59000000,167.10000000,146037.91500000
2025-07-16 09:30:00,167.11000000,167.45000000,166.58000000,166.78000000,72885.20300000
2025-07-16 09:45:00,166.78000000,167.28000000,166.03000000,167.28000000,73344.36900000
2025-07-16 10:00:00,167.28000000,167.46000000,167.02000000,167.25000000,34693.86700000
2025-07-16 10:15:00,167.25000000,167.45000000,166.86000000,166.88000000,26193.93100000
2025-07-16 10:30:00,166.88000000,167.18000000,166.58000000,166.60000000,35365.74200000
2025-07-16 10:45:00,166.60000000,166.65000000,165.98000000,166.02000000,36783.79900000
2025-07-16 11:00:00,166.01000000,166.55000000,166.00000000,166.50000000,41099.98000000
2025-07-16 11:15:00,166.50000000,166.54000000,166.02000000,166.19000000,38999.35000000
2025-07-16 11:30:00,166.18000000,166.47000000,166.06000000,166.47000000,37018.03400000
2025-07-16 11:45:00,166.47000000,166.81000000,166.25000000,166.66000000,28030.04400000
2025-07-16 12:00:00,166.66000000,167.20000000,166.52000000,166.88000000,27151.75300000
2025-07-16 12:15:00,166.89000000,167.24000000,166.81000000,167.15000000,28562.54900000
2025-07-16 12:30:00,167.15000000,167.49000000,166.62000000,167.32000000,46454.90500000
2025-07-16 12:45:00,167.33000000,167.42000000,166.61000000,166.62000000,43160.68000000
2025-07-16 13:00:00,166.61000000,167.21000000,166.25000000,166.81000000,53290.27300000
2025-07-16 13:15:00,166.80000000,167.16000000,166.77000000,167.07000000,24767.18900000
2025-07-16 13:30:00,167.06000000,167.30000000,166.18000000,166.37000000,47792.59200000
2025-07-16 13:45:00,166.37000000,167.30000000,166.25000000,167.27000000,50505.50700000
2025-07-16 14:00:00,167.28000000,167.40000000,166.75000000,166.78000000,74150.15500000
2025-07-16 14:15:00,166.79000000,167.27000000,166.62000000,167.26000000,59222.49000000
2025-07-16 14:30:00,167.26000000,167.87000000,167.11000000,167.59000000,142949.21700000
2025-07-16 14:45:00,167.58000000,167.96000000,167.11000000,167.57000000,127674.38400000
2025-07-16 15:00:00,167.57000000,168.19000000,167.40000000,167.56000000,101277.93800000
2025-07-16 15:15:00,167.56000000,167.56000000,166.13000000,167.32000000,85201.22200000
2025-07-16 15:30:00,167.32000000,167.40000000,165.40000000,166.59000000,60696.14000000
2025-07-16 15:45:00,166.59000000,168.84000000,166.40000000,168.45000000,103084.57300000
2025-07-16 16:00:00,168.45000000,170.94000000,168.40000000,170.36000000,275281.79800000
2025-07-16 16:15:00,170.36000000,172.50000000,170.12000000,172.27000000,169211.10200000
2025-07-16 16:30:00,172.26000000,173.29000000,171.38000000,171.82000000,130067.55400000
2025-07-16 16:45:00,171.82000000,172.69000000,171.50000000,172.56000000,131043.77100000
2025-07-16 17:00:00,172.55000000,173.06000000,172.28000000,172.49000000,90168.73700000
2025-07-16 17:15:00,172.48000000,172.93000000,172.19000000,172.64000000,64864.36700000
2025-07-16 17:30:00,172.63000000,172.76000000,172.00000000,172.74000000,48113.57300000
2025-07-16 17:45:00,172.75000000,174.59000000,172.65000000,173.64000000,147052.88900000
2025-07-16 18:00:00,173.64000000,174.67000000,173.43000000,173.79000000,83990.75900000
2025-07-16 18:15:00,173.79000000,174.66000000,173.61000000,174.51000000,78720.37200000
2025-07-16 18:30:00,174.50000000,174.70000000,174.27000000,174.37000000,41383.08700000
2025-07-16 18:45:00,174.36000000,174.41000000,172.97000000,173.37000000,81139.66400000
2025-07-16 19:00:00,173.38000000,173.56000000,172.56000000,172.85000000,52656.02200000
2025-07-16 19:15:00,172.84000000,174.11000000,172.82000000,173.89000000,52384.42500000
2025-07-16 19:30:00,173.90000000,173.90000000,172.91000000,173.72000000,56120.05200000
2025-07-16 19:45:00,173.72000000,174.50000000,173.43000000,174.16000000,39011.36300000
2025-07-16 20:00:00,174.15000000,174.76000000,173.76000000,174.58000000,53215.34800000
2025-07-16 20:15:00,174.58000000,174.89000000,174.14000000,174.42000000,55807.18800000
2025-07-16 20:30:00,174.41000000,175.10000000,174.05000000,174.81000000,120029.77700000
2025-07-16 20:45:00,174.82000000,174.91000000,174.27000000,174.67000000,43101.28300000
2025-07-16 21:00:00,174.68000000,175.73000000,174.39000000,175.27000000,56066.22200000
2025-07-16 21:15:00,175.28000000,176.00000000,174.79000000,175.73000000,77180.81100000
2025-07-16 21:30:00,175.72000000,175.72000000,173.94000000,174.25000000,73358.13200000
2025-07-16 21:45:00,174.26000000,174.79000000,174.19000000,174.46000000,20765.48300000
2025-07-16 22:00:00,174.46000000,175.45000000,174.46000000,175.39000000,37551.72400000
2025-07-16 22:15:00,175.40000000,175.86000000,175.16000000,175.17000000,30999.76100000
2025-07-16 22:30:00,175.17000000,175.49000000,174.36000000,174.71000000,36438.43400000
2025-07-16 22:45:00,174.71000000,174.73000000,173.43000000,173.80000000,57319.02000000
2025-07-16 23:00:00,173.80000000,173.95000000,173.06000000,173.33000000,42911.68700000
2025-07-16 23:15:00,173.33000000,173.56000000,172.37000000,173.34000000,63719.45200000
2025-07-16 23:30:00,173.33000000,173.87000000,172.71000000,173.84000000,34702.19500000
2025-07-16 23:45:00,173.83000000,173.88000000,173.36000000,173.63000000,29365.82000000
2025-07-17 00:00:00,173.62000000,174.20000000,173.23000000,174.05000000,30548.60300000
2025-07-17 00:15:00,174.06000000,174.85000000,174.04000000,174.55000000,25557.50900000
2025-07-17 00:30:00,174.55000000,174.85000000,174.01000000,174.48000000,19462.25000000
2025-07-17 00:45:00,174.49000000,174.69000000,172.98000000,172.99000000,29717.54600000
2025-07-17 01:00:00,172.98000000,173.33000000,172.40000000,173.33000000,41364.53100000
2025-07-17 01:15:00,173.34000000,173.34000000,171.69000000,172.55000000,75199.51300000
2025-07-17 01:30:00,172.54000000,172.68000000,171.36000000,171.75000000,39966.63600000
2025-07-17 01:45:00,171.75000000,171.89000000,169.57000000,171.48000000,114044.96500000
2025-07-17 02:00:00,171.48000000,172.02000000,171.19000000,171.50000000,39467.21500000
2025-07-17 02:15:00,171.50000000,172.07000000,171.36000000,171.60000000,45256.67700000
2025-07-17 02:30:00,171.60000000,171.63000000,170.89000000,171.00000000,37567.77600000
2025-07-17 02:45:00,171.00000000,171.64000000,170.21000000,171.33000000,46631.52300000
2025-07-17 03:00:00,171.32000000,171.44000000,170.17000000,170.23000000,44785.46000000
2025-07-17 03:15:00,170.24000000,170.57000000,169.04000000,169.24000000,56723.19400000
2025-07-17 03:30:00,169.23000000,169.62000000,168.71000000,169.30000000,74747.16900000
2025-07-17 03:45:00,169.29000000,169.81000000,169.15000000,169.54000000,48808.75500000
2025-07-17 04:00:00,169.53000000,170.31000000,169.24000000,170.13000000,35155.82700000
2025-07-17 04:15:00,170.13000000,170.60000000,169.96000000,170.56000000,25232.02700000
2025-07-17 04:30:00,170.56000000,171.03000000,170.55000000,170.85000000,17598.33000000
2025-07-17 04:45:00,170.86000000,171.35000000,170.71000000,171.32000000,14606.17600000
2025-07-17 05:00:00,171.33000000,171.33000000,170.45000000,170.67000000,13948.83700000
2025-07-17 05:15:00,170.66000000,171.65000000,170.65000000,171.62000000,25762.24300000
2025-07-17 05:30:00,171.62000000,171.88000000,171.25000000,171.84000000,29242.62500000
2025-07-17 05:45:00,171.83000000,172.12000000,171.57000000,172.01000000,24880.26700000
2025-07-17 06:00:00,172.00000000,172.55000000,171.61000000,171.79000000,31692.83500000
2025-07-17 06:15:00,171.79000000,173.21000000,171.33000000,173.06000000,51199.14300000
2025-07-17 06:30:00,173.07000000,173.43000000,172.57000000,173.29000000,61602.26100000
2025-07-17 06:45:00,173.29000000,174.10000000,173.28000000,173.87000000,50554.75500000
2025-07-17 07:00:00,173.87000000,173.89000000,171.89000000,172.22000000,45903.97000000
2025-07-17 07:15:00,172.22000000,172.63000000,171.74000000,172.23000000,25098.00300000
2025-07-17 07:30:00,172.23000000,173.55000000,172.23000000,173.52000000,42505.24700000
2025-07-17 07:45:00,173.52000000,174.17000000,173.37000000,174.02000000,57404.11300000
2025-07-17 08:00:00,174.02000000,174.11000000,173.28000000,173.42000000,28180.43900000
2025-07-17 08:15:00,173.41000000,173.54000000,173.10000000,173.45000000,24102.89700000
2025-07-17 08:30:00,173.45000000,173.50000000,172.67000000,173.37000000,27763.03300000
2025-07-17 08:45:00,173.37000000,173.74000000,172.84000000,173.69000000,28685.97900000
2025-07-17 09:00:00,173.69000000,175.57000000,173.47000000,174.95000000,93748.70600000
2025-07-17 09:15:00,174.96000000,176.04000000,174.65000000,175.75000000,55410.13700000
2025-07-17 09:30:00,175.75000000,177.57000000,175.58000000,177.35000000,115575.93900000
2025-07-17 09:45:00,177.36000000,178.19000000,176.95000000,177.18000000,116073.76100000
2025-07-17 10:00:00,177.19000000,177.80000000,175.91000000,176.73000000,64970.50700000
2025-07-17 10:15:00,176.72000000,177.34000000,176.12000000,176.23000000,39591.77200000
2025-07-17 10:30:00,176.23000000,176.93000000,175.72000000,175.89000000,33385.83000000
2025-07-17 10:45:00,175.88000000,176.83000000,175.88000000,176.34000000,31548.02800000
2025-07-17 11:00:00,176.34000000,176.79000000,175.89000000,176.43000000,41463.00600000
2025-07-17 11:15:00,176.42000000,176.63000000,175.76000000,175.92000000,40158.09700000
2025-07-17 11:30:00,175.91000000,176.26000000,175.22000000,175.99000000,39350.20600000
2025-07-17 11:45:00,175.99000000,176.49000000,175.52000000,176.17000000,28979.60600000
2025-07-17 12:00:00,176.16000000,176.60000000,174.63000000,175.65000000,54492.05100000
2025-07-17 12:15:00,175.64000000,176.11000000,174.78000000,174.87000000,38848.52700000
2025-07-17 12:30:00,174.86000000,177.33000000,174.85000000,177.24000000,55122.28000000
2025-07-17 12:45:00,177.23000000,177.54000000,176.76000000,176.77000000,45496.62600000
2025-07-17 13:00:00,176.76000000,176.98000000,175.49000000,175.71000000,80011.82500000
2025-07-17 13:15:00,175.71000000,175.88000000,174.98000000,175.45000000,58060.08100000
2025-07-17 13:30:00,175.45000000,175.58000000,173.73000000,173.82000000,72766.37100000
2025-07-17 13:45:00,173.81000000,174.78000000,172.78000000,174.35000000,91883.91900000
2025-07-17 14:00:00,174.35000000,174.90000000,173.77000000,174.34000000,64250.23300000
2025-07-17 14:15:00,174.33000000,174.74000000,173.48000000,174.70000000,34700.97300000
2025-07-17 14:30:00,174.69000000,175.31000000,174.40000000,174.53000000,40762.50400000
2025-07-17 14:45:00,174.53000000,175.25000000,174.52000000,174.86000000,22314.28300000
2025-07-17 15:00:00,174.87000000,175.20000000,173.07000000,173.13000000,75019.56100000
2025-07-17 15:15:00,173.13000000,174.23000000,172.82000000,173.57000000,58201.43200000
2025-07-17 15:30:00,173.57000000,174.52000000,173.50000000,174.51000000,31499.96300000
2025-07-17 15:45:00,174.51000000,174.52000000,173.80000000,174.13000000,31753.81500000
2025-07-17 16:00:00,174.12000000,174.43000000,173.00000000,173.23000000,27999.78700000
2025-07-17 16:15:00,173.23000000,173.29000000,172.15000000,172.41000000,73597.74300000
2025-07-17 16:30:00,172.42000000,172.97000000,171.21000000,172.38000000,100560.63200000
2025-07-17 16:45:00,172.38000000,172.97000000,172.20000000,172.85000000,29649.74700000
2025-07-17 17:00:00,172.85000000,173.24000000,172.65000000,173.16000000,18747.93800000
2025-07-17 17:15:00,173.16000000,173.18000000,172.60000000,172.94000000,24924.84900000
2025-07-17 17:30:00,172.93000000,173.18000000,172.26000000,173.02000000,24963.30900000
2025-07-17 17:45:00,173.02000000,174.38000000,172.80000000,174.22000000,51167.67500000
2025-07-17 18:00:00,174.22000000,174.45000000,173.58000000,173.66000000,35457.30800000
2025-07-17 18:15:00,173.66000000,174.37000000,173.55000000,174.33000000,42239.42200000
2025-07-17 18:30:00,174.33000000,174.76000000,173.95000000,173.99000000,25383.99500000
2025-07-17 18:45:00,174.00000000,174.81000000,173.90000000,174.78000000,36463.68100000
2025-07-17 19:00:00,174.78000000,175.15000000,174.77000000,175.08000000,28333.06600000
2025-07-17 19:15:00,175.08000000,175.42000000,174.90000000,175.16000000,22711.10700000
2025-07-17 19:30:00,175.17000000,175.39000000,174.63000000,174.72000000,25182.61400000
2025-07-17 19:45:00,174.72000000,174.73000000,172.79000000,173.05000000,53533.93600000
2025-07-17 20:00:00,173.05000000,173.31000000,171.34000000,172.41000000,99661.56100000
2025-07-17 20:15:00,172.41000000,173.06000000,171.62000000,172.75000000,52677.25000000
2025-07-17 20:30:00,172.74000000,173.64000000,172.67000000,173.25000000,37112.64100000
2025-07-17 20:45:00,173.25000000,173.69000000,172.94000000,173.50000000,23527.71300000
2025-07-17 21:00:00,173.50000000,175.60000000,173.47000000,175.58000000,75745.06600000
2025-07-17 21:15:00,175.58000000,176.53000000,175.34000000,175.95000000,94404.47000000
2025-07-17 21:30:00,175.96000000,176.29000000,173.57000000,175.73000000,70702.20100000
2025-07-17 21:45:00,175.73000000,176.36000000,175.28000000,175.50000000,37305.08200000
2025-07-17 22:00:00,175.49000000,177.13000000,175.29000000,176.95000000,75367.64900000
2025-07-17 22:15:00,176.95000000,177.40000000,175.75000000,175.82000000,41710.46100000
2025-07-17 22:30:00,175.82000000,176.21000000,175.71000000,175.83000000,23712.14200000
2025-07-17 22:45:00,175.83000000,176.59000000,174.90000000,175.49000000,62316.31500000
2025-07-17 23:00:00,175.48000000,175.98000000,175.23000000,175.62000000,43913.09500000
2025-07-17 23:15:00,175.62000000,176.89000000,175.62000000,176.84000000,64591.55000000
2025-07-17 23:30:00,176.84000000,176.84000000,175.78000000,176.17000000,43117.66400000
2025-07-17 23:45:00,176.18000000,176.51000000,175.51000000,175.87000000,38365.69000000
2025-07-18 00:00:00,175.88000000,176.90000000,175.29000000,175.61000000,44515.58900000
2025-07-18 00:15:00,175.61000000,177.92000000,175.57000000,177.57000000,63392.88600000
2025-07-18 00:30:00,177.58000000,179.28000000,177.35000000,179.28000000,111222.53900000
2025-07-18 00:45:00,179.28000000,179.89000000,178.90000000,179.81000000,80629.40500000
2025-07-18 01:00:00,179.80000000,181.15000000,178.92000000,181.09000000,153306.03700000
2025-07-18 01:15:00,181.10000000,181.11000000,179.17000000,180.00000000,117675.25300000
2025-07-18 01:30:00,179.99000000,180.46000000,179.29000000,179.54000000,70150.52300000
2025-07-18 01:45:00,179.54000000,180.85000000,179.26000000,180.60000000,64884.57200000
2025-07-18 02:00:00,180.60000000,180.64000000,178.86000000,179.22000000,43416.30900000
2025-07-18 02:15:00,179.22000000,179.86000000,178.89000000,179.85000000,24781.85300000
2025-07-18 02:30:00,179.86000000,179.95000000,179.20000000,179.28000000,33079.29100000
2025-07-18 02:45:00,179.27000000,179.80000000,179.03000000,179.65000000,22865.32600000
2025-07-18 03:00:00,179.65000000,180.44000000,179.56000000,180.29000000,42080.52400000
2025-07-18 03:15:00,180.28000000,180.98000000,179.89000000,179.95000000,46738.51900000
2025-07-18 03:30:00,179.94000000,181.00000000,179.75000000,180.98000000,45636.13400000
2025-07-18 03:45:00,180.97000000,180.99000000,180.24000000,180.80000000,26632.20500000
2025-07-18 04:00:00,180.79000000,180.82000000,179.86000000,180.19000000,35453.58200000
2025-07-18 04:15:00,180.19000000,181.92000000,180.16000000,181.46000000,73708.46500000
2025-07-18 04:30:00,181.45000000,181.86000000,181.30000000,181.48000000,44909.11000000
2025-07-18 04:45:00,181.48000000,181.94000000,181.26000000,181.86000000,40348.27700000
2025-07-18 05:00:00,181.86000000,184.45000000,181.21000000,184.35000000,230612.83600000
2025-07-18 05:15:00,184.34000000,184.67000000,182.88000000,183.11000000,210856.53400000
2025-07-18 05:30:00,183.10000000,183.98000000,183.03000000,183.20000000,100221.33100000
2025-07-18 05:45:00,183.21000000,183.85000000,183.03000000,183.62000000,56667.31200000
2025-07-18 06:00:00,183.62000000,183.90000000,182.26000000,183.58000000,101568.39700000
2025-07-18 06:15:00,183.58000000,183.60000000,182.37000000,182.73000000,53135.43100000
2025-07-18 06:30:00,182.73000000,183.53000000,182.63000000,183.30000000,38241.79200000
2025-07-18 06:45:00,183.29000000,183.61000000,183.17000000,183.51000000,31746.79900000
2025-07-18 07:00:00,183.50000000,184.20000000,183.05000000,183.17000000,56430.64500000
2025-07-18 07:15:00,183.17000000,183.74000000,182.41000000,183.51000000,72997.63500000
2025-07-18 07:30:00,183.51000000,183.97000000,182.30000000,182.89000000,65380.86800000
2025-07-18 07:45:00,182.89000000,182.91000000,180.86000000,180.94000000,75853.82200000
2025-07-18 08:00:00,180.93000000,181.87000000,180.93000000,180.96000000,57127.54200000
2025-07-18 08:15:00,180.95000000,181.97000000,180.86000000,181.47000000,38278.82500000
2025-07-18 08:30:00,181.47000000,181.47000000,178.58000000,178.75000000,105282.61400000
2025-07-18 08:45:00,178.75000000,180.08000000,178.57000000,179.39000000,47376.73800000
2025-07-18 09:00:00,179.39000000,179.93000000,178.74000000,179.87000000,52781.92600000
2025-07-18 09:15:00,179.88000000,179.97000000,179.06000000,179.17000000,34155.23400000
2025-07-18 09:30:00,179.18000000,179.51000000,178.85000000,179.28000000,23754.33900000
2025-07-18 09:45:00,179.29000000,180.04000000,179.28000000,179.96000000,28466.15000000
2025-07-18 10:00:00,179.96000000,179.96000000,179.03000000,179.38000000,27731.77000000
2025-07-18 10:15:00,179.37000000,179.45000000,177.97000000,178.63000000,44937.50300000
2025-07-18 10:30:00,178.63000000,178.98000000,178.32000000,178.74000000,22636.05700000
2025-07-18 10:45:00,178.74000000,179.55000000,178.49000000,179.40000000,27493.62200000
2025-07-18 11:00:00,179.39000000,179.50000000,178.17000000,178.26000000,40181.48400000
2025-07-18 11:15:00,178.26000000,178.42000000,177.10000000,177.81000000,59782.51400000
2025-07-18 11:30:00,177.80000000,178.64000000,177.69000000,178.52000000,28178.94300000
2025-07-18 11:45:00,178.53000000,178.63000000,178.06000000,178.46000000,21919.90100000
2025-07-18 12:00:00,178.45000000,178.74000000,178.30000000,178.61000000,30719.00700000
2025-07-18 12:15:00,178.60000000,179.14000000,178.40000000,178.84000000,36660.22600000
2025-07-18 12:30:00,178.83000000,179.48000000,178.83000000,179.38000000,34223.06300000
2025-07-18 12:45:00,179.38000000,180.17000000,179.30000000,180.14000000,53316.07200000
2025-07-18 13:00:00,180.15000000,180.31000000,179.25000000,179.70000000,52335.98600000
2025-07-18 13:15:00,179.69000000,180.25000000,179.14000000,180.23000000,35325.30800000
2025-07-18 13:30:00,180.22000000,182.02000000,180.03000000,181.05000000,120215.69700000
2025-07-18 13:45:00,181.05000000,181.80000000,180.68000000,180.76000000,51805.46900000
2025-07-18 14:00:00,180.75000000,181.51000000,180.37000000,181.09000000,38629.92200000
2025-07-18 14:15:00,181.09000000,181.11000000,177.26000000,177.93000000,159514.78800000
2025-07-18 14:30:00,177.93000000,178.41000000,176.61000000,177.90000000,135486.62000000
2025-07-18 14:45:00,177.90000000,179.01000000,177.87000000,178.51000000,51883.41900000
2025-07-18 15:00:00,178.50000000,178.77000000,177.13000000,177.14000000,46041.07700000
2025-07-18 15:15:00,177.15000000,177.59000000,175.29000000,176.16000000,129316.39600000
2025-07-18 15:30:00,176.17000000,176.57000000,174.86000000,176.00000000,82219.55400000
2025-07-18 15:45:00,176.00000000,177.09000000,175.54000000,177.02000000,43678.97200000
2025-07-18 16:00:00,177.02000000,177.77000000,176.64000000,176.64000000,53326.61700000
2025-07-18 16:15:00,176.64000000,178.35000000,176.16000000,178.06000000,67577.37100000
2025-07-18 16:30:00,178.06000000,179.05000000,177.43000000,178.84000000,40507.95100000
2025-07-18 16:45:00,178.85000000,179.08000000,177.94000000,178.38000000,36289.68500000
2025-07-18 17:00:00,178.39000000,178.46000000,177.69000000,178.03000000,28899.44600000
2025-07-18 17:15:00,178.03000000,178.99000000,178.01000000,178.85000000,34085.73500000
2025-07-18 17:30:00,178.84000000,179.11000000,178.31000000,178.49000000,23096.13700000
2025-07-18 17:45:00,178.50000000,178.72000000,178.20000000,178.49000000,15597.78900000
2025-07-18 18:00:00,178.50000000,178.51000000,177.67000000,177.85000000,23980.50200000
2025-07-18 18:15:00,177.85000000,178.54000000,177.55000000,178.51000000,40050.35900000
2025-07-18 18:30:00,178.50000000,178.79000000,178.06000000,178.20000000,12485.98200000
2025-07-18 18:45:00,178.20000000,178.55000000,177.69000000,177.93000000,24932.20300000
2025-07-18 19:00:00,177.92000000,178.15000000,176.60000000,176.86000000,31644.43600000
2025-07-18 19:15:00,176.87000000,178.53000000,176.87000000,177.95000000,27185.74000000
2025-07-18 19:30:00,177.94000000,177.97000000,176.94000000,176.99000000,15092.82300000
2025-07-18 19:45:00,176.99000000,177.04000000,176.15000000,176.99000000,36849.88700000
2025-07-18 20:00:00,176.98000000,177.13000000,175.50000000,175.95000000,57343.74200000
2025-07-18 20:15:00,175.95000000,176.38000000,174.11000000,174.23000000,85789.49300000
2025-07-18 20:30:00,174.24000000,174.64000000,173.24000000,174.57000000,92636.45100000
2025-07-18 20:45:00,174.57000000,176.05000000,174.47000000,175.33000000,68355.24400000
2025-07-18 21:00:00,175.32000000,176.52000000,175.23000000,176.48000000,25682.48700000
2025-07-18 21:15:00,176.48000000,176.85000000,176.16000000,176.35000000,36895.28300000
2025-07-18 21:30:00,176.34000000,176.88000000,176.25000000,176.84000000,19638.80900000
2025-07-18 21:45:00,176.84000000,177.03000000,175.80000000,175.97000000,20077.09900000
2025-07-18 22:00:00,175.96000000,175.99000000,174.86000000,175.54000000,22093.35000000
2025-07-18 22:15:00,175.53000000,176.81000000,175.42000000,176.63000000,27599.32400000
2025-07-18 22:30:00,176.63000000,176.96000000,176.40000000,176.46000000,14097.45200000
2025-07-18 22:45:00,176.45000000,176.64000000,175.61000000,175.90000000,33706.59400000
2025-07-18 23:00:00,175.90000000,176.84000000,175.14000000,176.61000000,45031.56500000
2025-07-18 23:15:00,176.61000000,177.29000000,176.32000000,176.90000000,65139.35200000
2025-07-18 23:30:00,176.90000000,177.39000000,176.90000000,177.23000000,11241.34400000
2025-07-18 23:45:00,177.23000000,177.62000000,177.11000000,177.28000000,14326.37700000
2025-07-19 00:00:00,177.28000000,177.43000000,176.97000000,177.20000000,18536.57200000
2025-07-19 00:15:00,177.19000000,177.28000000,176.86000000,177.13000000,10468.07900000
2025-07-19 00:30:00,177.13000000,177.36000000,176.19000000,176.56000000,21812.56800000
2025-07-19 00:45:00,176.57000000,176.65000000,175.10000000,175.18000000,27105.12900000
2025-07-19 01:00:00,175.18000000,175.29000000,174.00000000,175.26000000,41750.52300000
2025-07-19 01:15:00,175.25000000,176.44000000,175.22000000,176.43000000,42383.55100000
2025-07-19 01:30:00,176.43000000,176.70000000,176.07000000,176.47000000,22576.03000000
2025-07-19 01:45:00,176.47000000,176.78000000,176.15000000,176.61000000,20307.06400000
2025-07-19 02:00:00,176.62000000,176.72000000,175.70000000,176.47000000,14699.81700000
2025-07-19 02:15:00,176.46000000,176.80000000,176.00000000,176.18000000,12697.97300000
2025-07-19 02:30:00,176.17000000,177.20000000,176.17000000,177.11000000,19183.81100000
2025-07-19 02:45:00,177.12000000,177.26000000,176.99000000,177.14000000,17983.79400000
2025-07-19 03:00:00,177.14000000,177.50000000,177.01000000,177.45000000,37830.75000000
2025-07-19 03:15:00,177.45000000,177.50000000,177.28000000,177.39000000,14196.17900000
2025-07-19 03:30:00,177.39000000,177.69000000,177.30000000,177.56000000,15402.76400000
2025-07-19 03:45:00,177.56000000,177.59000000,176.90000000,177.45000000,17407.91800000
2025-07-19 04:00:00,177.45000000,177.74000000,177.25000000,177.61000000,28111.51100000
2025-07-19 04:15:00,177.61000000,177.62000000,177.26000000,177.38000000,10045.65600000
2025-07-19 04:30:00,177.37000000,177.66000000,177.11000000,177.11000000,17671.41400000
2025-07-19 04:45:00,177.11000000,177.43000000,177.02000000,177.31000000,18696.73600000
2025-07-19 05:00:00,177.31000000,177.39000000,176.80000000,177.02000000,33861.46300000
2025-07-19 05:15:00,177.02000000,177.70000000,176.87000000,177.62000000,30180.24900000
2025-07-19 05:30:00,177.61000000,177.77000000,177.27000000,177.56000000,42128.35100000
2025-07-19 05:45:00,177.55000000,177.61000000,177.22000000,177.55000000,11090.48300000
2025-07-19 06:00:00,177.54000000,177.64000000,177.29000000,177.30000000,7653.41800000
2025-07-19 06:15:00,177.29000000,177.50000000,176.59000000,176.60000000,13903.41900000
2025-07-19 06:30:00,176.59000000,176.96000000,176.26000000,176.39000000,17879.83200000
2025-07-19 06:45:00,176.39000000,176.77000000,176.10000000,176.27000000,18883.99200000
2025-07-19 07:00:00,176.26000000,176.78000000,176.15000000,176.62000000,18845.88600000
2025-07-19 07:15:00,176.62000000,177.32000000,176.41000000,177.04000000,10124.17600000
2025-07-19 07:30:00,177.04000000,177.04000000,176.53000000,176.81000000,7070.67500000
2025-07-19 07:45:00,176.81000000,177.17000000,176.81000000,176.99000000,5313.79400000
2025-07-19 08:00:00,176.99000000,177.15000000,176.17000000,176.23000000,10098.93700000
2025-07-19 08:15:00,176.22000000,176.34000000,175.65000000,176.03000000,25027.22500000
2025-07-19 08:30:00,176.03000000,176.08000000,175.41000000,175.79000000,17241.09300000
2025-07-19 08:45:00,175.78000000,176.18000000,175.53000000,176.04000000,12842.69300000
2025-07-19 09:00:00,176.04000000,176.42000000,175.83000000,176.03000000,5322.17300000
2025-07-19 09:15:00,176.04000000,176.50000000,176.00000000,176.35000000,7153.15500000
2025-07-19 09:30:00,176.34000000,176.89000000,176.22000000,176.74000000,18293.89200000
2025-07-19 09:45:00,176.74000000,177.00000000,176.49000000,176.69000000,9390.20100000
2025-07-19 10:00:00,176.70000000,176.84000000,176.46000000,176.73000000,9689.78800000
2025-07-19 10:15:00,176.72000000,177.06000000,176.64000000,177.03000000,11606.73700000
2025-07-19 10:30:00,177.02000000,177.58000000,177.02000000,177.54000000,16433.17700000
2025-07-19 10:45:00,177.54000000,177.64000000,177.26000000,177.39000000,19386.15300000
2025-07-19 11:00:00,177.38000000,177.81000000,176.63000000,176.69000000,14360.28400000
2025-07-19 11:15:00,176.69000000,177.46000000,176.19000000,177.39000000,22288.10100000
2025-07-19 11:30:00,177.39000000,177.52000000,177.02000000,177.21000000,10290.29100000
2025-07-19 11:45:00,177.22000000,177.22000000,176.36000000,176.59000000,17233.50900000
2025-07-19 12:00:00,176.60000000,176.76000000,175.75000000,175.90000000,27022.83200000
2025-07-19 12:15:00,175.89000000,176.51000000,175.70000000,176.15000000,22454.08000000
2025-07-19 12:30:00,176.16000000,176.50000000,175.82000000,176.32000000,11481.54300000
2025-07-19 12:45:00,176.31000000,177.40000000,176.12000000,177.34000000,19906.67200000
2025-07-19 13:00:00,177.33000000,177.75000000,176.93000000,177.74000000,29358.06100000
2025-07-19 13:15:00,177.75000000,177.84000000,177.17000000,177.50000000,20182.20200000
2025-07-19 13:30:00,177.50000000,177.78000000,177.40000000,177.66000000,26444.35300000
2025-07-19 13:45:00,177.66000000,177.84000000,177.07000000,177.47000000,34024.90000000
2025-07-19 14:00:00,177.47000000,177.88000000,176.45000000,176.61000000,46896.28600000
2025-07-19 14:15:00,176.62000000,177.08000000,176.01000000,176.10000000,22745.87000000
2025-07-19 14:30:00,176.10000000,176.46000000,175.65000000,176.06000000,50768.78300000
2025-07-19 14:45:00,176.06000000,176.28000000,174.80000000,175.01000000,37896.73800000
2025-07-19 15:00:00,175.00000000,175.85000000,174.87000000,175.64000000,31826.20500000
2025-07-19 15:15:00,175.64000000,176.61000000,175.63000000,176.56000000,21619.37500000
2025-07-19 15:30:00,176.55000000,177.44000000,176.22000000,177.44000000,43145.57300000
2025-07-19 15:45:00,177.44000000,177.46000000,176.97000000,177.40000000,26987.05500000
2025-07-19 16:00:00,177.41000000,177.41000000,176.49000000,177.12000000,25550.84600000
2025-07-19 16:15:00,177.13000000,177.82000000,176.96000000,177.59000000,26841.47500000
2025-07-19 16:30:00,177.60000000,177.87000000,177.44000000,177.68000000,19144.62300000
2025-07-19 16:45:00,177.68000000,177.83000000,177.35000000,177.54000000,18455.67000000
2025-07-19 17:00:00,177.55000000,177.82000000,177.16000000,177.23000000,17317.12300000
2025-07-19 17:15:00,177.23000000,177.48000000,176.88000000,177.01000000,8311.05600000
2025-07-19 17:30:00,177.01000000,177.09000000,176.50000000,176.58000000,11000.34700000
2025-07-19 17:45:00,176.59000000,176.83000000,176.12000000,176.32000000,8463.50100000
2025-07-19 18:00:00,176.32000000,177.23000000,176.19000000,177.01000000,11862.62700000
2025-07-19 18:15:00,177.02000000,177.52000000,176.64000000,177.36000000,9740.46600000
2025-07-19 18:30:00,177.37000000,177.43000000,177.02000000,177.07000000,6772.35400000
2025-07-19 18:45:00,177.07000000,177.17000000,176.72000000,176.82000000,5890.23900000
2025-07-19 19:00:00,176.83000000,177.12000000,176.21000000,176.55000000,10056.10300000
2025-07-19 19:15:00,176.55000000,177.16000000,176.42000000,177.15000000,11814.56600000
2025-07-19 19:30:00,177.15000000,178.19000000,176.96000000,177.69000000,33178.90900000
2025-07-19 19:45:00,177.68000000,177.68000000,176.46000000,177.04000000,23745.10000000
2025-07-19 20:00:00,177.04000000,177.74000000,176.97000000,177.68000000,13649.58700000
2025-07-19 20:15:00,177.68000000,177.88000000,177.35000000,177.81000000,8461.56800000
2025-07-19 20:30:00,177.80000000,177.94000000,177.64000000,177.81000000,17931.93300000
2025-07-19 20:45:00,177.80000000,178.61000000,177.42000000,177.43000000,95669.35600000
2025-07-19 21:00:00,177.42000000,177.80000000,175.77000000,175.95000000,33074.13900000
2025-07-19 21:15:00,175.94000000,176.27000000,175.13000000,176.08000000,68576.95000000
2025-07-19 21:30:00,176.08000000,176.08000000,175.01000000,175.22000000,59986.11400000
2025-07-19 21:45:00,175.21000000,176.07000000,174.91000000,175.89000000,55966.79900000
2025-07-19 22:00:00,175.89000000,175.89000000,175.56000000,175.69000000,2709.58500000
