{
  "created_at": "2025-08-21T23:06:58.773929+00:00",
  "objective": "multi",
  "selection": {
    "dd_cap_pct": 0.03,
    "best_trial": 244,
    "top_k": 3,
    "top_trials": [
      244,
      229,
      175
    ]
  },
  "train_bars": 1131000,
  "test_bars": 484544,
  "train_metrics": {
    "pnl": 752.7967227099947,
    "return_pct": 0.037639836135499705,
    "trades": 899,
    "win_rate": 0.3292547274749722,
    "avg_trade": 0.8373712154727416,
    "avg_trade_pct": 4.119158593588922e-05,
    "max_drawdown": -469.4170126800018,
    "max_drawdown_pct": -0.02216659056951882,
    "final_equity": 20752.796722709994,
    "wins": 296,
    "losses": 603
  },
  "test_metrics": {
    "pnl": 13.250799590003083,
    "return_pct": 0.0006625399795001652,
    "trades": 355,
    "win_rate": 0.30140845070422534,
    "avg_trade": 0.0373261960281777,
    "avg_trade_pct": 1.9485190862450242e-06,
    "max_drawdown": -360.8006876899999,
    "max_drawdown_pct": -0.01775015391260808,
    "final_equity": 20013.250799590005,
    "wins": 107,
    "losses": 248
  },
  "params": {
    "time_stop": 237,
    "ema2": 36,
    "p_std": 52,
    "ema1": 15,
    "p_atr": 16,
    "slip_spread_k": 0.8515134443483843,
    "use_adx": true,
    "vol_spike": 0.05089728769900155,
    "use_spike": true,
    "p_adx": 9,
    "rsi_period": 45,
    "rsi_os": 17,
    "tp_mult": 2.344774096564299,
    "rsi_ob": 72,
    "atr_max_pct": 0.06101341790925207,
    "use_atr": false,
    "p_sma": 47,
    "use_ema": true,
    "use_sma": true,
    "edge_cap": 0.49976290921732536,
    "bb_std_mult": 0.8067103954731456,
    "rsi_required": true,
    "edge_k": 0.5757977642381366,
    "tsl_mult": 0.5484948367651026,
    "slip_atr_k": 0.0003293846451473167,
    "adx_thresh": 19.77417491826231,
    "atr_min_pct": 0.029333722084949596,
    "strategy": "breakout",
    "spread_hl_frac": 0.011363021258848997,
    "fee": 0.0,
    "rsi_key": "rsi45",
    "start_equity": 20000.0,
    "risk_per_trade": 0.0009,
    "risk_stop_atr_mult": 1.0,
    "risk_min_stop_frac": 0.001,
    "daily_loss_limit_pct": 0.008,
    "cooldown_bars": 180,
    "fill_timing": "next_open",
    "bar_priority": "stop_first",
    "session_start": 0,
    "session_end": 24,
    "include_hours_set": "{18, 19}",
    "max_consec_losses": 2,
    "lockout_bars": 60,
    "proba_temp": 1.0,
    "participation_cap": 0.1,
    "price_step": 0.0001,
    "qty_step": 0.0001,
    "min_notional": 5.0,
    "max_notional_pct_equity": 0.5,
    "sides": "both",
    "regime_adapt": true,
    "regime_fast": 50,
    "regime_slow": 200,
    "regime_band": 0.0,
    "round_exits": true,
    "stop_extra_slip": 0.0,
    "regime_overrides": {
      "bull": {
        "strategy": "mean_reversion",
        "bb_std_mult": 2.0169431746748376,
        "rsi_ob": 51,
        "rsi_os": 43,
        "tp_mult": 1.9194251920826044,
        "tsl_mult": 0.6891458682949287,
        "time_stop": 214,
        "use_ema": false,
        "use_adx": true,
        "use_atr": true,
        "rsi_required": false,
        "adx_thresh": 30.312193620918165,
        "atr_min_pct": 0.01765191613765407,
        "atr_max_pct": 0.05817423848665073
      },
      "sideways": {
        "strategy": "breakout",
        "bb_std_mult": 1.5828092896467827,
        "rsi_ob": 58,
        "rsi_os": 19,
        "tp_mult": 2.341879695778944,
        "tsl_mult": 0.651967765830165,
        "time_stop": 235,
        "use_ema": false,
        "use_adx": false,
        "use_atr": false,
        "rsi_required": true,
        "atr_min_pct": 0.015109626219893455,
        "atr_max_pct": 0.13630943049822583
      },
      "bear": {
        "strategy": "breakout",
        "bb_std_mult": 1.2571599337995167,
        "rsi_ob": 70,
        "rsi_os": 52,
        "tp_mult": 1.7149673432024581,
        "tsl_mult": 0.0004102131455224567,
        "time_stop": 122,
        "use_ema": false,
        "use_adx": false,
        "use_atr": false,
        "rsi_required": false,
        "adx_thresh": 31.238766665127454,
        "atr_min_pct": 0.026767463670604112,
        "atr_max_pct": 0.042481859768843486
      }
    },
    "slippage": 0.0006,
    "select_top_k": 3,
    "aggregate_params": "median",
    "objective": "multi",
    "wfo_folds": 8,
    "embargo_bars": 300,
    "use_ml": false,
    "ml_thresh": 0.0
  },
  "guardrails": {
    "max_dd_pct_allowed": 0.03,
    "min_trades_lookback": 150,
    "daily_loss_limit_pct": 0.008,
    "cooldown_bars": 180,
    "fill_timing": "next_open",
    "bar_priority": "stop_first",
    "session_hours": [
      0,
      24
    ],
    "include_hours": [
      18,
      19
    ],
    "consec_loss_lockout": [
      2,
      60
    ],
    "sides": "both"
  },
  "regime": {
    "enabled": true,
    "fast": 50,
    "slow": 200,
    "band": 0.0,
    "overrides": {
      "bull": {
        "strategy": "mean_reversion",
        "bb_std_mult": 2.0169431746748376,
        "rsi_ob": 51,
        "rsi_os": 43,
        "tp_mult": 1.9194251920826044,
        "tsl_mult": 0.6891458682949287,
        "time_stop": 214,
        "use_ema": false,
        "use_adx": true,
        "use_atr": true,
        "rsi_required": false,
        "adx_thresh": 30.312193620918165,
        "atr_min_pct": 0.01765191613765407,
        "atr_max_pct": 0.05817423848665073
      },
      "sideways": {
        "strategy": "breakout",
        "bb_std_mult": 1.5828092896467827,
        "rsi_ob": 58,
        "rsi_os": 19,
        "tp_mult": 2.341879695778944,
        "tsl_mult": 0.651967765830165,
        "time_stop": 235,
        "use_ema": false,
        "use_adx": false,
        "use_atr": false,
        "rsi_required": true,
        "atr_min_pct": 0.015109626219893455,
        "atr_max_pct": 0.13630943049822583
      },
      "bear": {
        "strategy": "breakout",
        "bb_std_mult": 1.2571599337995167,
        "rsi_ob": 70,
        "rsi_os": 52,
        "tp_mult": 1.7149673432024581,
        "tsl_mult": 0.0004102131455224567,
        "time_stop": 122,
        "use_ema": false,
        "use_adx": false,
        "use_atr": false,
        "rsi_required": false,
        "adx_thresh": 31.238766665127454,
        "atr_min_pct": 0.026767463670604112,
        "atr_max_pct": 0.042481859768843486
      }
    }
  },
  "run_config": {
    "trials": 260,
    "n_jobs": 4,
    "seed": 101,
    "objective": "multi",
    "multi_objective": true,
    "train_frac": 0.7,
    "wfo_folds": 8,
    "embargo_bars": 300,
    "select_top_k": 3,
    "aggregate_params": "median",
    "start_equity": 20000.0,
    "fee": 0.0,
    "fixed_slippage": 0.0006,
    "min_slippage": 0.0,
    "fill_timing": "next_open",
    "bar_priority": "stop_first",
    "session_start": 0,
    "session_end": 24,
    "include_hours": "18,19",
    "sides": "both",
    "regime_adapt": true,
    "regime_fast": 50,
    "regime_slow": 200,
    "regime_band": 0.0,
    "round_exits": true,
    "stop_extra_slip": 0.0
  },
  "metrics_consistent": {
    "return_pct_train_consistent": 0.03763983613549973,
    "return_pct_test_consistent": 0.0006625399795001541,
    "suspicious_run": false
  }
}