{
  "created_at": "2025-09-01T01:01:59.615853+00:00",
  "objective": "multi",
  "selection": {
    "dd_cap_pct": 0.35,
    "best_trial": 526,
    "top_k": 1,
    "top_trials": [
      526
    ]
  },
  "train_bars": 1131150,
  "test_bars": 484694,
  "train_metrics": {
    "pnl": -1643.167162948857,
    "return_pct": -0.08215835814744299,
    "trades": 772,
    "win_rate": 0.20466321243523317,
    "avg_trade": -2.128454874286084,
    "avg_trade_pct": -0.0001110136809943856,
    "max_drawdown": -1645.3326096728088,
    "max_drawdown_pct": -0.08225772424766585,
    "final_equity": 18356.83283705114,
    "wins": 158,
    "losses": 614
  },
  "test_metrics": {
    "pnl": -167.35772702870077,
    "return_pct": -0.00836788635143515,
    "trades": 189,
    "win_rate": 0.23809523809523808,
    "avg_trade": -0.8854906191994749,
    "avg_trade_pct": -4.4346874260150973e-05,
    "max_drawdown": -309.7872176040728,
    "max_drawdown_pct": -0.015379833785642493,
    "final_equity": 19832.642272971298,
    "wins": 45,
    "losses": 144
  },
  "params": {
    "p_sma": 18,
    "p_std": 56,
    "p_atr": 21,
    "p_adx": 29,
    "rsi_period": 58,
    "ema1": 7,
    "ema2": 40,
    "slip_atr_k": 0.026651179309109936,
    "slip_spread_k": 0.2390619521925833,
    "spread_hl_frac": 0.016182309963060672,
    "bb_std_mult": 1.6629609870090363,
    "rsi_os": 36,
    "rsi_ob": 64,
    "vol_spike": 0.14544598930771582,
    "adx_thresh": 10.72648081859354,
    "atr_min_pct": 0.0018988312650254965,
    "atr_max_pct": 0.14620629614416156,
    "tp_mult": 1.7202261022980516,
    "tsl_mult": 0.3200050944275514,
    "strategy": "breakout",
    "time_stop": 300,
    "use_sma": true,
    "use_atr": false,
    "use_adx": false,
    "use_ema": true,
    "use_spike": true,
    "rsi_required": false,
    "edge_k": 1.6424877016031685,
    "edge_cap": 0.5886962487040432,
    "bull_strategy": "mean_reversion",
    "bull_bb_std_mult": 1.5814824260645766,
    "bull_rsi_os": 43,
    "bull_rsi_ob": 54,
    "bull_adx_thresh": 10.698093643082416,
    "bull_atr_min_pct": 0.006938674573232485,
    "bull_atr_max_pct": 0.12243869435254878,
    "bull_tp_mult": 2.6507765791409232,
    "bull_tsl_mult": 0.88927756439495,
    "bull_time_stop": 167,
    "bull_use_sma": true,
    "bull_use_ema": false,
    "bull_use_atr": false,
    "bull_use_adx": false,
    "bull_use_spike": true,
    "bull_rsi_required": true,
    "bear_strategy": "breakout",
    "bear_bb_std_mult": 2.6999583285875133,
    "bear_rsi_os": 35,
    "bear_rsi_ob": 76,
    "bear_adx_thresh": 10.24003243654042,
    "bear_atr_min_pct": 0.006614971045944645,
    "bear_atr_max_pct": 0.09153583596635254,
    "bear_tp_mult": 1.9089198275341215,
    "bear_tsl_mult": 0.47135194902644,
    "bear_time_stop": 97,
    "bear_use_sma": false,
    "bear_use_ema": true,
    "bear_use_atr": false,
    "bear_use_adx": false,
    "bear_use_spike": true,
    "bear_rsi_required": false,
    "sideways_strategy": "mean_reversion",
    "sideways_bb_std_mult": 3.4855729394329638,
    "sideways_rsi_os": 34,
    "sideways_rsi_ob": 78,
    "sideways_adx_thresh": 14.743188619357719,
    "sideways_atr_min_pct": 0.017663156150699376,
    "sideways_atr_max_pct": 0.05784476399639239,
    "sideways_tp_mult": 2.4980101056458337,
    "sideways_tsl_mult": 0.4796117809991219,
    "sideways_time_stop": 54,
    "sideways_use_sma": true,
    "sideways_use_ema": true,
    "sideways_use_atr": true,
    "sideways_use_adx": false,
    "sideways_use_spike": false,
    "sideways_rsi_required": true,
    "fee": 0.001,
    "rsi_key": "rsi58",
    "start_equity": 20000.0,
    "risk_per_trade": 0.03,
    "risk_stop_atr_mult": 1.0,
    "risk_min_stop_frac": 0.001,
    "daily_loss_limit_pct": 0.12,
    "cooldown_bars": 30,
    "fill_timing": "next_open",
    "bar_priority": "stop_first",
    "session_start": 0,
    "session_end": 24,
    "include_hours_set": "{0, 1, 2, 3, 14, 15, 16, 17, 18, 19, 20, 22}",
    "max_consec_losses": 7,
    "lockout_bars": 100,
    "proba_temp": 1.0,
    "participation_cap": 1.0,
    "price_step": 0.0001,
    "qty_step": 0.0001,
    "min_notional": 5.0,
    "max_notional_pct_equity": 1.0,
    "sides": "short",
    "regime_adapt": true,
    "regime_fast": 50,
    "regime_slow": 200,
    "regime_band": 0.006,
    "round_exits": true,
    "stop_extra_slip": 0.0,
    "regime_overrides": {
      "bull": {
        "allowed_sides": [
          "long",
          "short"
        ],
        "mode": "mean_reversion",
        "bb_std_mult": 2.0169431746748376,
        "tp_mult": 1.9194251920826044,
        "tsl_mult": 0.6891458682949287,
        "time_stop_bars": 214,
        "rsi_required": false,
        "use_adx": true,
        "adx": 18.0,
        "use_atr": true,
        "atr_range": [
          0.0008,
          0.06
        ]
      },
      "sideways": {
        "allowed_sides": [
          "long",
          "short"
        ],
        "mode": "breakout",
        "bb_std_mult": 1.5828092896467827,
        "tp_mult": 2.341879695778944,
        "tsl_mult": 0.651967765830165,
        "time_stop_bars": 235,
        "rsi_required": true,
        "use_adx": true,
        "adx": 15.0,
        "use_atr": true,
        "atr_range": [
          0.001,
          0.14
        ]
      },
      "bear": {
        "allowed_sides": [
          "long",
          "short"
        ],
        "mode": "breakout",
        "bb_std_mult": 1.2571599337995167,
        "tp_mult": 1.7149673432024581,
        "tsl_mult": 0.25,
        "time_stop_bars": 122,
        "rsi_required": true,
        "use_adx": true,
        "adx": 20.0,
        "use_atr": true,
        "atr_range": [
          0.0015,
          0.06
        ]
      }
    },
    "slippage": 0.0006,
    "select_top_k": 1,
    "aggregate_params": "median",
    "objective": "multi",
    "wfo_folds": 6,
    "embargo_bars": 150,
    "use_ml": false,
    "ml_thresh": 0.0
  },
  "guardrails": {
    "max_dd_pct_allowed": 0.35,
    "min_trades_lookback": 120,
    "daily_loss_limit_pct": 0.12,
    "cooldown_bars": 30,
    "fill_timing": "next_open",
    "bar_priority": "stop_first",
    "session_hours": [
      0,
      24
    ],
    "include_hours": [
      0,
      1,
      2,
      3,
      14,
      15,
      16,
      17,
      18,
      19,
      20,
      22
    ],
    "consec_loss_lockout": [
      7,
      100
    ],
    "sides": "short"
  },
  "regime": {
    "enabled": true,
    "fast": 50,
    "slow": 200,
    "band": 0.006,
    "overrides": {
      "bull": {
        "allowed_sides": [
          "long",
          "short"
        ],
        "mode": "mean_reversion",
        "bb_std_mult": 2.0169431746748376,
        "tp_mult": 1.9194251920826044,
        "tsl_mult": 0.6891458682949287,
        "time_stop_bars": 214,
        "rsi_required": false,
        "use_adx": true,
        "adx": 18.0,
        "use_atr": true,
        "atr_range": [
          0.0008,
          0.06
        ]
      },
      "sideways": {
        "allowed_sides": [
          "long",
          "short"
        ],
        "mode": "breakout",
        "bb_std_mult": 1.5828092896467827,
        "tp_mult": 2.341879695778944,
        "tsl_mult": 0.651967765830165,
        "time_stop_bars": 235,
        "rsi_required": true,
        "use_adx": true,
        "adx": 15.0,
        "use_atr": true,
        "atr_range": [
          0.001,
          0.14
        ]
      },
      "bear": {
        "allowed_sides": [
          "long",
          "short"
        ],
        "mode": "breakout",
        "bb_std_mult": 1.2571599337995167,
        "tp_mult": 1.7149673432024581,
        "tsl_mult": 0.25,
        "time_stop_bars": 122,
        "rsi_required": true,
        "use_adx": true,
        "adx": 20.0,
        "use_atr": true,
        "atr_range": [
          0.0015,
          0.06
        ]
      }
    }
  },
  "run_config": {
    "trials": 600,
    "n_jobs": 4,
    "seed": 911,
    "objective": "multi",
    "multi_objective": true,
    "train_frac": 0.7,
    "wfo_folds": 6,
    "embargo_bars": 150,
    "select_top_k": 1,
    "aggregate_params": "median",
    "start_equity": 20000.0,
    "fee": 0.001,
    "fixed_slippage": 0.0006,
    "min_slippage": 0.0,
    "fill_timing": "next_open",
    "bar_priority": "stop_first",
    "session_start": 0,
    "session_end": 24,
    "include_hours": "0,1,2,3,14,15,16,17,18,19,20,22",
    "sides": "short",
    "regime_adapt": true,
    "regime_fast": 50,
    "regime_slow": 200,
    "regime_band": 0.0,
    "round_exits": true,
    "stop_extra_slip": 0.0
  },
  "metrics_consistent": {
    "return_pct_train_consistent": -0.08215835814744285,
    "return_pct_test_consistent": -0.008367886351435039,
    "suspicious_run": false
  }
}