{
  "created_at": "2025-08-21T06:34:29.651779+00:00",
  "objective": "multi",
  "selection": {
    "dd_cap_pct": 0.08,
    "best_trial": 88,
    "top_k": 5,
    "top_trials": [
      88,
      129,
      116,
      204,
      219
    ]
  },
  "train_bars": 1131150,
  "test_bars": 484694,
  "train_metrics": {
    "pnl": -19997.075456123606,
    "return_pct": -0.999853772806181,
    "trades": 92,
    "win_rate": 0.0,
    "avg_trade": -217.3595158274305,
    "avg_trade_pct": -0.09051586705504822,
    "max_drawdown": -18397.83149915242,
    "max_drawdown_pct": -0.999841063928594,
    "final_equity": 2.9245438763791753,
    "wins": 0,
    "losses": 92
  },
  "test_metrics": {
    "pnl": -19997.167465559003,
    "return_pct": -0.9998583732779498,
    "trades": 41,
    "win_rate": 0.0,
    "avg_trade": -487.73579184290253,
    "avg_trade_pct": -0.19377701682567103,
    "max_drawdown": -16432.981163278997,
    "max_drawdown_pct": -0.9998276608330382,
    "final_equity": 2.8325344410041,
    "wins": 0,
    "losses": 41
  },
  "params": {
    "rsi_ob": 83,
    "atr_max_pct": 0.1091219985892726,
    "use_ema": false,
    "use_atr": true,
    "slip_atr_k": 0.08663333983778154,
    "tp_mult": 2.1491187114925467,
    "p_sma": 16,
    "spread_hl_frac": 0.01679190068597311,
    "tsl_mult": 0.34039874626119515,
    "rsi_required": true,
    "use_sma": false,
    "bb_std_mult": 1.540712455608432,
    "p_adx": 11,
    "edge_k": 0.8462753604416448,
    "strategy": "breakout",
    "p_atr": 24,
    "use_adx": true,
    "adx_thresh": 16.107630186309873,
    "rsi_period": 65,
    "ema2": 36,
    "vol_spike": 0.1494760928880157,
    "use_spike": false,
    "atr_min_pct": 0.022935283791239103,
    "ema1": 19,
    "slip_spread_k": 0.3704551667751078,
    "time_stop": 126,
    "edge_cap": 0.45190027327639987,
    "p_std": 19,
    "rsi_os": 22,
    "fee": 0.02,
    "rsi_key": "rsi65",
    "start_equity": 20000.0,
    "risk_per_trade": 0.0015,
    "risk_stop_atr_mult": 1.0,
    "risk_min_stop_frac": 0.001,
    "daily_loss_limit_pct": 0.03,
    "cooldown_bars": 60,
    "fill_timing": "next_open",
    "bar_priority": "tp_first",
    "session_start": 0,
    "session_end": 24,
    "include_hours_set": "{13, 14, 15, 16, 17, 18, 19, 20, 22}",
    "max_consec_losses": 3,
    "lockout_bars": 150,
    "proba_temp": 1.0,
    "participation_cap": 1.0,
    "price_step": 0.0001,
    "qty_step": 0.0001,
    "min_notional": 5.0,
    "max_notional_pct_equity": 1.0,
    "sides": "both",
    "regime_adapt": true,
    "regime_fast": 50,
    "regime_slow": 200,
    "regime_band": 0.0,
    "round_exits": true,
    "stop_extra_slip": 0.0,
    "regime_overrides": {
      "bull": {
        "strategy": "mean_reversion",
        "bb_std_mult": 2.0169431746748376,
        "rsi_ob": 51,
        "rsi_os": 43,
        "tp_mult": 1.9194251920826044,
        "tsl_mult": 0.6891458682949287,
        "time_stop": 214,
        "use_ema": false,
        "use_adx": true,
        "use_atr": true,
        "rsi_required": false,
        "adx_thresh": 30.312193620918165,
        "atr_min_pct": 0.01765191613765407,
        "atr_max_pct": 0.05817423848665073
      },
      "sideways": {
        "strategy": "breakout",
        "bb_std_mult": 1.5828092896467827,
        "rsi_ob": 58,
        "rsi_os": 19,
        "tp_mult": 2.341879695778944,
        "tsl_mult": 0.651967765830165,
        "time_stop": 235,
        "use_ema": false,
        "use_adx": false,
        "use_atr": false,
        "rsi_required": true,
        "atr_min_pct": 0.015109626219893455,
        "atr_max_pct": 0.13630943049822583
      },
      "bear": {
        "strategy": "breakout",
        "bb_std_mult": 1.2571599337995167,
        "rsi_ob": 70,
        "rsi_os": 52,
        "tp_mult": 1.7149673432024581,
        "tsl_mult": 0.0004102131455224567,
        "time_stop": 122,
        "use_ema": false,
        "use_adx": false,
        "use_atr": false,
        "rsi_required": false,
        "adx_thresh": 31.238766665127454,
        "atr_min_pct": 0.026767463670604112,
        "atr_max_pct": 0.042481859768843486
      }
    },
    "slippage": 0.05,
    "select_top_k": 5,
    "aggregate_params": "median",
    "objective": "multi",
    "wfo_folds": 6,
    "embargo_bars": 150,
    "use_ml": false,
    "ml_thresh": 0.0
  },
  "guardrails": {
    "max_dd_pct_allowed": 0.08,
    "min_trades_lookback": 200,
    "daily_loss_limit_pct": 0.03,
    "cooldown_bars": 60,
    "fill_timing": "next_open",
    "bar_priority": "tp_first",
    "session_hours": [
      0,
      24
    ],
    "include_hours": [
      13,
      14,
      15,
      16,
      17,
      18,
      19,
      20,
      22
    ],
    "consec_loss_lockout": [
      3,
      150
    ],
    "sides": "both"
  },
  "regime": {
    "enabled": true,
    "fast": 50,
    "slow": 200,
    "band": 0.0,
    "overrides": {
      "bull": {
        "strategy": "mean_reversion",
        "bb_std_mult": 2.0169431746748376,
        "rsi_ob": 51,
        "rsi_os": 43,
        "tp_mult": 1.9194251920826044,
        "tsl_mult": 0.6891458682949287,
        "time_stop": 214,
        "use_ema": false,
        "use_adx": true,
        "use_atr": true,
        "rsi_required": false,
        "adx_thresh": 30.312193620918165,
        "atr_min_pct": 0.01765191613765407,
        "atr_max_pct": 0.05817423848665073
      },
      "sideways": {
        "strategy": "breakout",
        "bb_std_mult": 1.5828092896467827,
        "rsi_ob": 58,
        "rsi_os": 19,
        "tp_mult": 2.341879695778944,
        "tsl_mult": 0.651967765830165,
        "time_stop": 235,
        "use_ema": false,
        "use_adx": false,
        "use_atr": false,
        "rsi_required": true,
        "atr_min_pct": 0.015109626219893455,
        "atr_max_pct": 0.13630943049822583
      },
      "bear": {
        "strategy": "breakout",
        "bb_std_mult": 1.2571599337995167,
        "rsi_ob": 70,
        "rsi_os": 52,
        "tp_mult": 1.7149673432024581,
        "tsl_mult": 0.0004102131455224567,
        "time_stop": 122,
        "use_ema": false,
        "use_adx": false,
        "use_atr": false,
        "rsi_required": false,
        "adx_thresh": 31.238766665127454,
        "atr_min_pct": 0.026767463670604112,
        "atr_max_pct": 0.042481859768843486
      }
    }
  },
  "run_config": {
    "trials": 250,
    "n_jobs": 4,
    "seed": 444,
    "objective": "multi",
    "multi_objective": true,
    "train_frac": 0.7,
    "wfo_folds": 6,
    "embargo_bars": 150,
    "select_top_k": 5,
    "aggregate_params": "median",
    "start_equity": 20000.0,
    "fee": 0.02,
    "fixed_slippage": 0.05,
    "min_slippage": 0.0,
    "fill_timing": "next_open",
    "bar_priority": "tp_first",
    "session_start": 0,
    "session_end": 24,
    "include_hours": "13,14,15,16,17,18,19,20,22",
    "sides": "both",
    "regime_adapt": true,
    "regime_fast": 50,
    "regime_slow": 200,
    "regime_band": 0.0,
    "round_exits": true,
    "stop_extra_slip": 0.0
  },
  "metrics_consistent": {
    "return_pct_train_consistent": -0.9998537728061803,
    "return_pct_test_consistent": -0.9998583732779501,
    "suspicious_run": false
  }
}