{
  "created_at": "2025-08-31T21:21:39.515725+00:00",
  "objective": "multi",
  "selection": {
    "dd_cap_pct": 0.1,
    "best_trial": 232,
    "top_k": 1,
    "top_trials": [
      232
    ]
  },
  "train_bars": 1131150,
  "test_bars": 484694,
  "train_metrics": {
    "pnl": 0.0,
    "return_pct": 0.0,
    "trades": 0,
    "win_rate": 0.0,
    "avg_trade": 0.0,
    "avg_trade_pct": 0.0,
    "max_drawdown": 0.0,
    "max_drawdown_pct": 0.0,
    "final_equity": 20000.0,
    "wins": 0,
    "losses": 0
  },
  "test_metrics": {
    "pnl": 31.68945772048002,
    "return_pct": 0.0015844728860239243,
    "trades": 4,
    "win_rate": 0.5,
    "avg_trade": 7.922364430120005,
    "avg_trade_pct": 0.00039610103364789723,
    "max_drawdown": -9.779702522719163,
    "max_drawdown_pct": -0.00048797333391702744,
    "final_equity": 20031.68945772048,
    "wins": 2,
    "losses": 2
  },
  "params": {
    "p_sma": 46,
    "p_std": 41,
    "p_atr": 11,
    "p_adx": 25,
    "rsi_period": 37,
    "ema1": 16,
    "ema2": 35,
    "slip_atr_k": 0.08178742254297837,
    "slip_spread_k": 0.0717897370766719,
    "spread_hl_frac": 0.022442223484299653,
    "bb_std_mult": 3.585436514783511,
    "rsi_os": 15,
    "rsi_ob": 91,
    "vol_spike": 0.27557347638760976,
    "adx_thresh": 29.96202670807513,
    "atr_min_pct": 0.013546577810040936,
    "atr_max_pct": 0.05148521059928257,
    "tp_mult": 2.5039505413937864,
    "tsl_mult": 0.19090230325703017,
    "strategy": "breakout",
    "time_stop": 121,
    "use_sma": false,
    "use_atr": true,
    "use_adx": false,
    "use_ema": false,
    "use_spike": true,
    "rsi_required": false,
    "edge_k": 0.9714974852656757,
    "edge_cap": 0.9422753099725332,
    "bull_strategy": "mean_reversion",
    "bull_bb_std_mult": 2.619460555449975,
    "bull_rsi_os": 52,
    "bull_rsi_ob": 49,
    "bull_adx_thresh": 33.21858190829964,
    "bull_atr_min_pct": 0.012332290381499723,
    "bull_atr_max_pct": 0.023307331679417752,
    "bull_tp_mult": 1.535298497014035,
    "bull_tsl_mult": 0.8056045262332368,
    "bull_time_stop": 266,
    "bull_use_sma": true,
    "bull_use_ema": true,
    "bull_use_atr": false,
    "bull_use_adx": true,
    "bull_use_spike": false,
    "bull_rsi_required": false,
    "bear_strategy": "breakout",
    "bear_bb_std_mult": 2.919126553602314,
    "bear_rsi_os": 13,
    "bear_rsi_ob": 72,
    "bear_adx_thresh": 26.819798648977475,
    "bear_atr_min_pct": 0.0022540988475035478,
    "bear_atr_max_pct": 0.12968337405726352,
    "bear_tp_mult": 1.4723181409787127,
    "bear_tsl_mult": 0.8480047322533131,
    "bear_time_stop": 131,
    "bear_use_sma": false,
    "bear_use_ema": true,
    "bear_use_atr": false,
    "bear_use_adx": false,
    "bear_use_spike": false,
    "bear_rsi_required": false,
    "sideways_strategy": "mean_reversion",
    "sideways_bb_std_mult": 3.5773053129676238,
    "sideways_rsi_os": 35,
    "sideways_rsi_ob": 78,
    "sideways_adx_thresh": 25.829944628807223,
    "sideways_atr_min_pct": 0.0018087156523108122,
    "sideways_atr_max_pct": 0.07187947550144368,
    "sideways_tp_mult": 1.7274373721554621,
    "sideways_tsl_mult": 0.07154369847511738,
    "sideways_time_stop": 56,
    "sideways_use_sma": false,
    "sideways_use_ema": true,
    "sideways_use_atr": true,
    "sideways_use_adx": false,
    "sideways_use_spike": false,
    "sideways_rsi_required": true,
    "fee": 0.001,
    "rsi_key": "rsi37",
    "start_equity": 20000.0,
    "risk_per_trade": 0.012,
    "risk_stop_atr_mult": 1.0,
    "risk_min_stop_frac": 0.001,
    "daily_loss_limit_pct": 0.04,
    "cooldown_bars": 60,
    "fill_timing": "next_open",
    "bar_priority": "stop_first",
    "session_start": 0,
    "session_end": 24,
    "include_hours_set": "{14, 15, 16, 17, 18, 19, 20, 22}",
    "max_consec_losses": 3,
    "lockout_bars": 150,
    "proba_temp": 1.0,
    "participation_cap": 1.0,
    "price_step": 0.0001,
    "qty_step": 0.0001,
    "min_notional": 5.0,
    "max_notional_pct_equity": 1.0,
    "sides": "short",
    "regime_adapt": true,
    "regime_fast": 50,
    "regime_slow": 200,
    "regime_band": 0.006,
    "round_exits": true,
    "stop_extra_slip": 0.0,
    "regime_overrides": {
      "bull": {
        "allowed_sides": [
          "long",
          "short"
        ],
        "mode": "mean_reversion",
        "bb_std_mult": 2.0169431746748376,
        "tp_mult": 1.9194251920826044,
        "tsl_mult": 0.6891458682949287,
        "time_stop_bars": 214,
        "rsi_required": false,
        "use_adx": true,
        "adx": 18.0,
        "use_atr": true,
        "atr_range": [
          0.0008,
          0.06
        ]
      },
      "sideways": {
        "allowed_sides": [
          "long",
          "short"
        ],
        "mode": "breakout",
        "bb_std_mult": 1.5828092896467827,
        "tp_mult": 2.341879695778944,
        "tsl_mult": 0.651967765830165,
        "time_stop_bars": 235,
        "rsi_required": true,
        "use_adx": true,
        "adx": 15.0,
        "use_atr": true,
        "atr_range": [
          0.001,
          0.14
        ]
      },
      "bear": {
        "allowed_sides": [
          "long",
          "short"
        ],
        "mode": "breakout",
        "bb_std_mult": 1.2571599337995167,
        "tp_mult": 1.7149673432024581,
        "tsl_mult": 0.25,
        "time_stop_bars": 122,
        "rsi_required": true,
        "use_adx": true,
        "adx": 20.0,
        "use_atr": true,
        "atr_range": [
          0.0015,
          0.06
        ]
      }
    },
    "slippage": 0.0006,
    "select_top_k": 1,
    "aggregate_params": "median",
    "objective": "multi",
    "wfo_folds": 6,
    "embargo_bars": 150,
    "use_ml": false,
    "ml_thresh": 0.0
  },
  "guardrails": {
    "max_dd_pct_allowed": 0.1,
    "min_trades_lookback": 100,
    "daily_loss_limit_pct": 0.04,
    "cooldown_bars": 60,
    "fill_timing": "next_open",
    "bar_priority": "stop_first",
    "session_hours": [
      0,
      24
    ],
    "include_hours": [
      14,
      15,
      16,
      17,
      18,
      19,
      20,
      22
    ],
    "consec_loss_lockout": [
      3,
      150
    ],
    "sides": "short"
  },
  "regime": {
    "enabled": true,
    "fast": 50,
    "slow": 200,
    "band": 0.006,
    "overrides": {
      "bull": {
        "allowed_sides": [
          "long",
          "short"
        ],
        "mode": "mean_reversion",
        "bb_std_mult": 2.0169431746748376,
        "tp_mult": 1.9194251920826044,
        "tsl_mult": 0.6891458682949287,
        "time_stop_bars": 214,
        "rsi_required": false,
        "use_adx": true,
        "adx": 18.0,
        "use_atr": true,
        "atr_range": [
          0.0008,
          0.06
        ]
      },
      "sideways": {
        "allowed_sides": [
          "long",
          "short"
        ],
        "mode": "breakout",
        "bb_std_mult": 1.5828092896467827,
        "tp_mult": 2.341879695778944,
        "tsl_mult": 0.651967765830165,
        "time_stop_bars": 235,
        "rsi_required": true,
        "use_adx": true,
        "adx": 15.0,
        "use_atr": true,
        "atr_range": [
          0.001,
          0.14
        ]
      },
      "bear": {
        "allowed_sides": [
          "long",
          "short"
        ],
        "mode": "breakout",
        "bb_std_mult": 1.2571599337995167,
        "tp_mult": 1.7149673432024581,
        "tsl_mult": 0.25,
        "time_stop_bars": 122,
        "rsi_required": true,
        "use_adx": true,
        "adx": 20.0,
        "use_atr": true,
        "atr_range": [
          0.0015,
          0.06
        ]
      }
    }
  },
  "run_config": {
    "trials": 600,
    "n_jobs": 4,
    "seed": 911,
    "objective": "multi",
    "multi_objective": true,
    "train_frac": 0.7,
    "wfo_folds": 6,
    "embargo_bars": 150,
    "select_top_k": 1,
    "aggregate_params": "median",
    "start_equity": 20000.0,
    "fee": 0.001,
    "fixed_slippage": 0.0006,
    "min_slippage": 0.0,
    "fill_timing": "next_open",
    "bar_priority": "stop_first",
    "session_start": 0,
    "session_end": 24,
    "include_hours": "14,15,16,17,18,19,20,22",
    "sides": "short",
    "regime_adapt": true,
    "regime_fast": 50,
    "regime_slow": 200,
    "regime_band": 0.0,
    "round_exits": true,
    "stop_extra_slip": 0.0
  },
  "metrics_consistent": {
    "return_pct_train_consistent": 0.0,
    "return_pct_test_consistent": 0.001584472886024001,
    "suspicious_run": false
  }
}