{
  "created_at": "2025-08-21T22:23:45.992403+00:00",
  "objective": "multi",
  "selection": {
    "dd_cap_pct": 0.04,
    "best_trial": 211,
    "top_k": 5,
    "top_trials": [
      211,
      165,
      228,
      257,
      147
    ]
  },
  "train_bars": 1131000,
  "test_bars": 484544,
  "train_metrics": {
    "pnl": 188.1901156400089,
    "return_pct": 0.009409505782000505,
    "trades": 278,
    "win_rate": 0.2841726618705036,
    "avg_trade": 0.6769428620144206,
    "avg_trade_pct": 3.413427100474401e-05,
    "max_drawdown": -239.94543680999777,
    "max_drawdown_pct": -0.01181861205427718,
    "final_equity": 20188.19011564001,
    "wins": 79,
    "losses": 199
  },
  "test_metrics": {
    "pnl": 74.19207237999919,
    "return_pct": 0.003709603619000079,
    "trades": 98,
    "win_rate": 0.2653061224489796,
    "avg_trade": 0.7570619630612162,
    "avg_trade_pct": 3.845277204204114e-05,
    "max_drawdown": -229.48717188999944,
    "max_drawdown_pct": -0.011362069722350073,
    "final_equity": 20074.19207238,
    "wins": 26,
    "losses": 72
  },
  "params": {
    "ema2": 25,
    "rsi_period": 77,
    "rsi_os": 20,
    "tsl_mult": 0.43028396009343656,
    "atr_max_pct": 0.08781312433599198,
    "tp_mult": 2.294810414984971,
    "vol_spike": 0.08752334975885595,
    "time_stop": 204,
    "slip_spread_k": 0.07725053512780755,
    "rsi_required": false,
    "adx_thresh": 23.11195342351677,
    "use_adx": true,
    "use_spike": true,
    "p_atr": 30,
    "atr_min_pct": 0.015373584904731074,
    "edge_cap": 0.08021101144700843,
    "edge_k": 1.370355552045113,
    "use_ema": true,
    "bb_std_mult": 2.5008640704679914,
    "p_sma": 7,
    "use_sma": true,
    "p_std": 58,
    "strategy": "breakout",
    "use_atr": false,
    "rsi_ob": 68,
    "ema1": 14,
    "p_adx": 19,
    "spread_hl_frac": 0.004370069131354887,
    "slip_atr_k": 0.0006259099335464051,
    "fee": 0.0,
    "rsi_key": "rsi77",
    "start_equity": 20000.0,
    "risk_per_trade": 0.001,
    "risk_stop_atr_mult": 1.0,
    "risk_min_stop_frac": 0.001,
    "daily_loss_limit_pct": 0.03,
    "cooldown_bars": 240,
    "fill_timing": "next_open",
    "bar_priority": "stop_first",
    "session_start": 0,
    "session_end": 24,
    "include_hours_set": "{16}",
    "max_consec_losses": 2,
    "lockout_bars": 60,
    "proba_temp": 1.0,
    "participation_cap": 0.1,
    "price_step": 0.0001,
    "qty_step": 0.0001,
    "min_notional": 5.0,
    "max_notional_pct_equity": 0.5,
    "sides": "short",
    "regime_adapt": true,
    "regime_fast": 50,
    "regime_slow": 200,
    "regime_band": 0.0,
    "round_exits": true,
    "stop_extra_slip": 0.0006,
    "regime_overrides": {
      "bull": {
        "strategy": "mean_reversion",
        "bb_std_mult": 2.0169431746748376,
        "rsi_ob": 51,
        "rsi_os": 43,
        "tp_mult": 1.9194251920826044,
        "tsl_mult": 0.6891458682949287,
        "time_stop": 214,
        "use_ema": false,
        "use_adx": true,
        "use_atr": true,
        "rsi_required": false,
        "adx_thresh": 30.312193620918165,
        "atr_min_pct": 0.01765191613765407,
        "atr_max_pct": 0.05817423848665073
      },
      "sideways": {
        "strategy": "breakout",
        "bb_std_mult": 1.5828092896467827,
        "rsi_ob": 58,
        "rsi_os": 19,
        "tp_mult": 2.341879695778944,
        "tsl_mult": 0.651967765830165,
        "time_stop": 235,
        "use_ema": false,
        "use_adx": false,
        "use_atr": false,
        "rsi_required": true,
        "atr_min_pct": 0.015109626219893455,
        "atr_max_pct": 0.13630943049822583
      },
      "bear": {
        "strategy": "breakout",
        "bb_std_mult": 1.2571599337995167,
        "rsi_ob": 70,
        "rsi_os": 52,
        "tp_mult": 1.7149673432024581,
        "tsl_mult": 0.0004102131455224567,
        "time_stop": 122,
        "use_ema": false,
        "use_adx": false,
        "use_atr": false,
        "rsi_required": false,
        "adx_thresh": 31.238766665127454,
        "atr_min_pct": 0.026767463670604112,
        "atr_max_pct": 0.042481859768843486
      }
    },
    "slippage": 0.0006,
    "select_top_k": 5,
    "aggregate_params": "median",
    "objective": "multi",
    "wfo_folds": 8,
    "embargo_bars": 300,
    "use_ml": false,
    "ml_thresh": 0.0
  },
  "guardrails": {
    "max_dd_pct_allowed": 0.04,
    "min_trades_lookback": 75,
    "daily_loss_limit_pct": 0.03,
    "cooldown_bars": 240,
    "fill_timing": "next_open",
    "bar_priority": "stop_first",
    "session_hours": [
      0,
      24
    ],
    "include_hours": [
      16
    ],
    "consec_loss_lockout": [
      2,
      60
    ],
    "sides": "short"
  },
  "regime": {
    "enabled": true,
    "fast": 50,
    "slow": 200,
    "band": 0.0,
    "overrides": {
      "bull": {
        "strategy": "mean_reversion",
        "bb_std_mult": 2.0169431746748376,
        "rsi_ob": 51,
        "rsi_os": 43,
        "tp_mult": 1.9194251920826044,
        "tsl_mult": 0.6891458682949287,
        "time_stop": 214,
        "use_ema": false,
        "use_adx": true,
        "use_atr": true,
        "rsi_required": false,
        "adx_thresh": 30.312193620918165,
        "atr_min_pct": 0.01765191613765407,
        "atr_max_pct": 0.05817423848665073
      },
      "sideways": {
        "strategy": "breakout",
        "bb_std_mult": 1.5828092896467827,
        "rsi_ob": 58,
        "rsi_os": 19,
        "tp_mult": 2.341879695778944,
        "tsl_mult": 0.651967765830165,
        "time_stop": 235,
        "use_ema": false,
        "use_adx": false,
        "use_atr": false,
        "rsi_required": true,
        "atr_min_pct": 0.015109626219893455,
        "atr_max_pct": 0.13630943049822583
      },
      "bear": {
        "strategy": "breakout",
        "bb_std_mult": 1.2571599337995167,
        "rsi_ob": 70,
        "rsi_os": 52,
        "tp_mult": 1.7149673432024581,
        "tsl_mult": 0.0004102131455224567,
        "time_stop": 122,
        "use_ema": false,
        "use_adx": false,
        "use_atr": false,
        "rsi_required": false,
        "adx_thresh": 31.238766665127454,
        "atr_min_pct": 0.026767463670604112,
        "atr_max_pct": 0.042481859768843486
      }
    }
  },
  "run_config": {
    "trials": 260,
    "n_jobs": 4,
    "seed": 101,
    "objective": "multi",
    "multi_objective": true,
    "train_frac": 0.7,
    "wfo_folds": 8,
    "embargo_bars": 300,
    "select_top_k": 5,
    "aggregate_params": "median",
    "start_equity": 20000.0,
    "fee": 0.0,
    "fixed_slippage": 0.0006,
    "min_slippage": 0.0,
    "fill_timing": "next_open",
    "bar_priority": "stop_first",
    "session_start": 0,
    "session_end": 24,
    "include_hours": "16",
    "sides": "short",
    "regime_adapt": false,
    "regime_fast": 50,
    "regime_slow": 200,
    "regime_band": 0.0,
    "round_exits": true,
    "stop_extra_slip": 0.0006
  },
  "metrics_consistent": {
    "return_pct_train_consistent": 0.009409505782000446,
    "return_pct_test_consistent": 0.0037096036189999595,
    "suspicious_run": false
  }
}