{
  "created_at": "2025-08-21T15:22:58.940232+00:00",
  "objective": "multi",
  "selection": {
    "dd_cap_pct": 0.03,
    "best_trial": 235,
    "top_k": 5,
    "top_trials": [
      235,
      104,
      159,
      113,
      100
    ]
  },
  "train_bars": 1130700,
  "test_bars": 484244,
  "train_metrics": {
    "pnl": 97.38080491999573,
    "return_pct": 0.004869040245999656,
    "trades": 263,
    "win_rate": 0.3612167300380228,
    "avg_trade": 0.37026922022812064,
    "avg_trade_pct": 1.8846055613747303e-05,
    "max_drawdown": -252.141221459995,
    "max_drawdown_pct": -0.012396139705358829,
    "final_equity": 20097.380804919994,
    "wins": 95,
    "losses": 168
  },
  "test_metrics": {
    "pnl": 165.35981731000163,
    "return_pct": 0.008267990865499897,
    "trades": 90,
    "win_rate": 0.3888888888888889,
    "avg_trade": 1.8373313034444625,
    "avg_trade_pct": 9.190427173737673e-05,
    "max_drawdown": -137.55962645000182,
    "max_drawdown_pct": -0.0068361909001147135,
    "final_equity": 20165.35981731,
    "wins": 35,
    "losses": 55
  },
  "params": {
    "use_spike": true,
    "use_atr": true,
    "tp_mult": 1.6713279119919346,
    "edge_k": 0.7350499348530543,
    "slip_atr_k": 0.0022680845562135232,
    "adx_thresh": 8.241921048278634,
    "p_std": 56,
    "use_ema": false,
    "ema2": 37,
    "rsi_period": 46,
    "vol_spike": 0.13021873720081933,
    "p_adx": 23,
    "slip_spread_k": 0.05196680375124557,
    "atr_min_pct": 0.014907404577964316,
    "p_atr": 27,
    "bb_std_mult": 0.7419164369713552,
    "strategy": "breakout",
    "use_sma": true,
    "edge_cap": 0.07010864582245167,
    "spread_hl_frac": 0.0453738988214568,
    "rsi_os": 46,
    "ema1": 10,
    "use_adx": true,
    "rsi_required": true,
    "tsl_mult": 0.9362503377193523,
    "p_sma": 6,
    "rsi_ob": 94,
    "atr_max_pct": 0.06701860730673692,
    "time_stop": 129,
    "fee": 0.0,
    "rsi_key": "rsi46",
    "start_equity": 20000.0,
    "risk_per_trade": 0.0005,
    "risk_stop_atr_mult": 1.0,
    "risk_min_stop_frac": 0.001,
    "daily_loss_limit_pct": 0.015,
    "cooldown_bars": 240,
    "fill_timing": "next_open",
    "bar_priority": "stop_first",
    "session_start": 0,
    "session_end": 24,
    "include_hours_set": "{16}",
    "max_consec_losses": 2,
    "lockout_bars": 360,
    "proba_temp": 1.0,
    "participation_cap": 1.0,
    "price_step": 0.0001,
    "qty_step": 0.0001,
    "min_notional": 5.0,
    "max_notional_pct_equity": 1.0,
    "sides": "short",
    "regime_adapt": true,
    "regime_fast": 50,
    "regime_slow": 200,
    "regime_band": 0.0,
    "round_exits": true,
    "stop_extra_slip": 0.0,
    "regime_overrides": {
      "bull": {
        "strategy": "mean_reversion",
        "bb_std_mult": 2.0169431746748376,
        "rsi_ob": 51,
        "rsi_os": 43,
        "tp_mult": 1.9194251920826044,
        "tsl_mult": 0.6891458682949287,
        "time_stop": 214,
        "use_ema": false,
        "use_adx": true,
        "use_atr": true,
        "rsi_required": false,
        "adx_thresh": 30.312193620918165,
        "atr_min_pct": 0.01765191613765407,
        "atr_max_pct": 0.05817423848665073
      },
      "sideways": {
        "strategy": "breakout",
        "bb_std_mult": 1.5828092896467827,
        "rsi_ob": 58,
        "rsi_os": 19,
        "tp_mult": 2.341879695778944,
        "tsl_mult": 0.651967765830165,
        "time_stop": 235,
        "use_ema": false,
        "use_adx": false,
        "use_atr": false,
        "rsi_required": true,
        "atr_min_pct": 0.015109626219893455,
        "atr_max_pct": 0.13630943049822583
      },
      "bear": {
        "strategy": "breakout",
        "bb_std_mult": 1.2571599337995167,
        "rsi_ob": 70,
        "rsi_os": 52,
        "tp_mult": 1.7149673432024581,
        "tsl_mult": 0.0004102131455224567,
        "time_stop": 122,
        "use_ema": false,
        "use_adx": false,
        "use_atr": false,
        "rsi_required": false,
        "adx_thresh": 31.238766665127454,
        "atr_min_pct": 0.026767463670604112,
        "atr_max_pct": 0.042481859768843486
      }
    },
    "slippage": 0.0006,
    "select_top_k": 5,
    "aggregate_params": "median",
    "objective": "multi",
    "wfo_folds": 10,
    "embargo_bars": 600,
    "use_ml": false,
    "ml_thresh": 0.0
  },
  "guardrails": {
    "max_dd_pct_allowed": 0.03,
    "min_trades_lookback": 150,
    "daily_loss_limit_pct": 0.015,
    "cooldown_bars": 240,
    "fill_timing": "next_open",
    "bar_priority": "stop_first",
    "session_hours": [
      0,
      24
    ],
    "include_hours": [
      16
    ],
    "consec_loss_lockout": [
      2,
      360
    ],
    "sides": "short"
  },
  "regime": {
    "enabled": true,
    "fast": 50,
    "slow": 200,
    "band": 0.0,
    "overrides": {
      "bull": {
        "strategy": "mean_reversion",
        "bb_std_mult": 2.0169431746748376,
        "rsi_ob": 51,
        "rsi_os": 43,
        "tp_mult": 1.9194251920826044,
        "tsl_mult": 0.6891458682949287,
        "time_stop": 214,
        "use_ema": false,
        "use_adx": true,
        "use_atr": true,
        "rsi_required": false,
        "adx_thresh": 30.312193620918165,
        "atr_min_pct": 0.01765191613765407,
        "atr_max_pct": 0.05817423848665073
      },
      "sideways": {
        "strategy": "breakout",
        "bb_std_mult": 1.5828092896467827,
        "rsi_ob": 58,
        "rsi_os": 19,
        "tp_mult": 2.341879695778944,
        "tsl_mult": 0.651967765830165,
        "time_stop": 235,
        "use_ema": false,
        "use_adx": false,
        "use_atr": false,
        "rsi_required": true,
        "atr_min_pct": 0.015109626219893455,
        "atr_max_pct": 0.13630943049822583
      },
      "bear": {
        "strategy": "breakout",
        "bb_std_mult": 1.2571599337995167,
        "rsi_ob": 70,
        "rsi_os": 52,
        "tp_mult": 1.7149673432024581,
        "tsl_mult": 0.0004102131455224567,
        "time_stop": 122,
        "use_ema": false,
        "use_adx": false,
        "use_atr": false,
        "rsi_required": false,
        "adx_thresh": 31.238766665127454,
        "atr_min_pct": 0.026767463670604112,
        "atr_max_pct": 0.042481859768843486
      }
    }
  },
  "run_config": {
    "trials": 280,
    "n_jobs": 4,
    "seed": 101,
    "objective": "multi",
    "multi_objective": true,
    "train_frac": 0.7,
    "wfo_folds": 10,
    "embargo_bars": 600,
    "select_top_k": 5,
    "aggregate_params": "median",
    "start_equity": 20000.0,
    "fee": 0.0,
    "fixed_slippage": 0.0006,
    "min_slippage": 0.0,
    "fill_timing": "next_open",
    "bar_priority": "stop_first",
    "session_start": 0,
    "session_end": 24,
    "include_hours": "16",
    "sides": "short",
    "regime_adapt": false,
    "regime_fast": 50,
    "regime_slow": 200,
    "regime_band": 0.0,
    "round_exits": true,
    "stop_extra_slip": 0.0
  },
  "metrics_consistent": {
    "return_pct_train_consistent": 0.004869040245999786,
    "return_pct_test_consistent": 0.00826799086550008,
    "suspicious_run": false
  }
}