{
  "created_at": "2025-08-21T14:39:49.287375+00:00",
  "objective": "multi",
  "selection": {
    "dd_cap_pct": 0.02,
    "best_trial": 209,
    "top_k": 5,
    "top_trials": [
      209,
      182,
      263,
      266,
      28
    ]
  },
  "train_bars": 1131000,
  "test_bars": 484544,
  "train_metrics": {
    "pnl": -11.11533528000588,
    "return_pct": -0.0005557667640003761,
    "trades": 263,
    "win_rate": 0.34600760456273766,
    "avg_trade": -0.04226363224336836,
    "avg_trade_pct": -1.7749516456919043e-06,
    "max_drawdown": -290.33713126000293,
    "max_drawdown_pct": -0.014316975975752542,
    "final_equity": 19988.884664719993,
    "wins": 91,
    "losses": 172
  },
  "test_metrics": {
    "pnl": 96.09972838000142,
    "return_pct": 0.004804986419000068,
    "trades": 90,
    "win_rate": 0.37777777777777777,
    "avg_trade": 1.0677747597777936,
    "avg_trade_pct": 5.359016655702804e-05,
    "max_drawdown": -136.93185222999819,
    "max_drawdown_pct": -0.0068200085984577614,
    "final_equity": 20096.099728380002,
    "wins": 34,
    "losses": 56
  },
  "params": {
    "strategy": "mean_reversion",
    "slip_atr_k": 0.004985073528333852,
    "use_atr": false,
    "tsl_mult": 0.22751049844399285,
    "atr_max_pct": 0.06630650788274513,
    "p_atr": 15,
    "rsi_required": true,
    "spread_hl_frac": 0.013591111439450338,
    "use_adx": false,
    "adx_thresh": 11.351787177369953,
    "p_sma": 6,
    "use_ema": true,
    "use_sma": false,
    "p_std": 56,
    "rsi_ob": 56,
    "ema1": 14,
    "tp_mult": 2.580471745306327,
    "p_adx": 13,
    "vol_spike": 0.2610227290929829,
    "ema2": 44,
    "rsi_period": 20,
    "slip_spread_k": 0.54573914710277,
    "atr_min_pct": 0.017219481868475987,
    "edge_k": 1.0184113540267448,
    "time_stop": 118,
    "use_spike": true,
    "rsi_os": 35,
    "edge_cap": 0.9529490179519362,
    "bb_std_mult": 2.1346723323608896,
    "fee": 0.0,
    "rsi_key": "rsi20",
    "start_equity": 20000.0,
    "risk_per_trade": 0.0005,
    "risk_stop_atr_mult": 1.0,
    "risk_min_stop_frac": 0.001,
    "daily_loss_limit_pct": 0.015,
    "cooldown_bars": 240,
    "fill_timing": "next_open",
    "bar_priority": "stop_first",
    "session_start": 0,
    "session_end": 24,
    "include_hours_set": "{16}",
    "max_consec_losses": 2,
    "lockout_bars": 360,
    "proba_temp": 1.0,
    "participation_cap": 1.0,
    "price_step": 0.0001,
    "qty_step": 0.0001,
    "min_notional": 5.0,
    "max_notional_pct_equity": 1.0,
    "sides": "short",
    "regime_adapt": true,
    "regime_fast": 50,
    "regime_slow": 200,
    "regime_band": 0.0,
    "round_exits": true,
    "stop_extra_slip": 0.0,
    "regime_overrides": {
      "bull": {
        "strategy": "mean_reversion",
        "bb_std_mult": 2.0169431746748376,
        "rsi_ob": 51,
        "rsi_os": 43,
        "tp_mult": 1.9194251920826044,
        "tsl_mult": 0.6891458682949287,
        "time_stop": 214,
        "use_ema": false,
        "use_adx": true,
        "use_atr": true,
        "rsi_required": false,
        "adx_thresh": 30.312193620918165,
        "atr_min_pct": 0.01765191613765407,
        "atr_max_pct": 0.05817423848665073
      },
      "sideways": {
        "strategy": "breakout",
        "bb_std_mult": 1.5828092896467827,
        "rsi_ob": 58,
        "rsi_os": 19,
        "tp_mult": 2.341879695778944,
        "tsl_mult": 0.651967765830165,
        "time_stop": 235,
        "use_ema": false,
        "use_adx": false,
        "use_atr": false,
        "rsi_required": true,
        "atr_min_pct": 0.015109626219893455,
        "atr_max_pct": 0.13630943049822583
      },
      "bear": {
        "strategy": "breakout",
        "bb_std_mult": 1.2571599337995167,
        "rsi_ob": 70,
        "rsi_os": 52,
        "tp_mult": 1.7149673432024581,
        "tsl_mult": 0.0004102131455224567,
        "time_stop": 122,
        "use_ema": false,
        "use_adx": false,
        "use_atr": false,
        "rsi_required": false,
        "adx_thresh": 31.238766665127454,
        "atr_min_pct": 0.026767463670604112,
        "atr_max_pct": 0.042481859768843486
      }
    },
    "slippage": 0.0006,
    "select_top_k": 5,
    "aggregate_params": "median",
    "objective": "multi",
    "wfo_folds": 8,
    "embargo_bars": 300,
    "use_ml": false,
    "ml_thresh": 0.0
  },
  "guardrails": {
    "max_dd_pct_allowed": 0.02,
    "min_trades_lookback": 150,
    "daily_loss_limit_pct": 0.015,
    "cooldown_bars": 240,
    "fill_timing": "next_open",
    "bar_priority": "stop_first",
    "session_hours": [
      0,
      24
    ],
    "include_hours": [
      16
    ],
    "consec_loss_lockout": [
      2,
      360
    ],
    "sides": "short"
  },
  "regime": {
    "enabled": true,
    "fast": 50,
    "slow": 200,
    "band": 0.0,
    "overrides": {
      "bull": {
        "strategy": "mean_reversion",
        "bb_std_mult": 2.0169431746748376,
        "rsi_ob": 51,
        "rsi_os": 43,
        "tp_mult": 1.9194251920826044,
        "tsl_mult": 0.6891458682949287,
        "time_stop": 214,
        "use_ema": false,
        "use_adx": true,
        "use_atr": true,
        "rsi_required": false,
        "adx_thresh": 30.312193620918165,
        "atr_min_pct": 0.01765191613765407,
        "atr_max_pct": 0.05817423848665073
      },
      "sideways": {
        "strategy": "breakout",
        "bb_std_mult": 1.5828092896467827,
        "rsi_ob": 58,
        "rsi_os": 19,
        "tp_mult": 2.341879695778944,
        "tsl_mult": 0.651967765830165,
        "time_stop": 235,
        "use_ema": false,
        "use_adx": false,
        "use_atr": false,
        "rsi_required": true,
        "atr_min_pct": 0.015109626219893455,
        "atr_max_pct": 0.13630943049822583
      },
      "bear": {
        "strategy": "breakout",
        "bb_std_mult": 1.2571599337995167,
        "rsi_ob": 70,
        "rsi_os": 52,
        "tp_mult": 1.7149673432024581,
        "tsl_mult": 0.0004102131455224567,
        "time_stop": 122,
        "use_ema": false,
        "use_adx": false,
        "use_atr": false,
        "rsi_required": false,
        "adx_thresh": 31.238766665127454,
        "atr_min_pct": 0.026767463670604112,
        "atr_max_pct": 0.042481859768843486
      }
    }
  },
  "run_config": {
    "trials": 300,
    "n_jobs": 4,
    "seed": 101,
    "objective": "multi",
    "multi_objective": true,
    "train_frac": 0.7,
    "wfo_folds": 8,
    "embargo_bars": 300,
    "select_top_k": 5,
    "aggregate_params": "median",
    "start_equity": 20000.0,
    "fee": 0.0,
    "fixed_slippage": 0.0006,
    "min_slippage": 0.0,
    "fill_timing": "next_open",
    "bar_priority": "stop_first",
    "session_start": 0,
    "session_end": 24,
    "include_hours": "16",
    "sides": "short",
    "regime_adapt": false,
    "regime_fast": 50,
    "regime_slow": 200,
    "regime_band": 0.0,
    "round_exits": true,
    "stop_extra_slip": 0.0
  },
  "metrics_consistent": {
    "return_pct_train_consistent": -0.000555766764000294,
    "return_pct_test_consistent": 0.004804986419000071,
    "suspicious_run": false
  }
}