{
  "created_at": "2025-08-21T00:23:46.764681+00:00",
  "objective": "multi",
  "selection": {
    "dd_cap_pct": 0.08,
    "best_trial": 241,
    "top_k": 5,
    "top_trials": [
      241,
      129,
      237,
      124,
      110
    ]
  },
  "train_bars": 1131150,
  "test_bars": 484694,
  "train_metrics": {
    "pnl": 248515.8859442296,
    "return_pct": 12.425794297211475,
    "trades": 3645,
    "win_rate": 0.7662551440329218,
    "avg_trade": 68.17994127413706,
    "avg_trade_pct": 0.0007131037602184897,
    "max_drawdown": -1.4727574800199363,
    "max_drawdown_pct": -1.1287807468021294e-05,
    "final_equity": 268515.8859442295,
    "wins": 2793,
    "losses": 852
  },
  "test_metrics": {
    "pnl": 43753.09444752992,
    "return_pct": 2.1876547223764957,
    "trades": 1605,
    "win_rate": 0.7962616822429907,
    "avg_trade": 27.260494982884683,
    "avg_trade_pct": 0.0007228305304985917,
    "max_drawdown": -0.33145058000809513,
    "max_drawdown_pct": -7.890679016628246e-06,
    "final_equity": 63753.09444752992,
    "wins": 1278,
    "losses": 327
  },
  "params": {
    "slip_atr_k": 0.000339665886193683,
    "atr_max_pct": 0.12536929729847637,
    "adx_thresh": 14.797750263627833,
    "use_adx": false,
    "rsi_os": 10,
    "rsi_required": false,
    "ema2": 18,
    "rsi_ob": 52,
    "p_adx": 23,
    "p_atr": 12,
    "edge_k": 0.6106908860190291,
    "bb_std_mult": 1.1653915450045376,
    "slip_spread_k": 0.04748773369679869,
    "spread_hl_frac": 0.0025729287519437897,
    "vol_spike": 0.07279394306690369,
    "ema1": 28,
    "edge_cap": 0.4024274158943644,
    "time_stop": 187,
    "p_std": 22,
    "use_spike": false,
    "rsi_period": 39,
    "tp_mult": 2.522039857258876,
    "atr_min_pct": 0.004875229776995086,
    "strategy": "mean_reversion",
    "use_atr": true,
    "p_sma": 34,
    "use_ema": true,
    "use_sma": false,
    "tsl_mult": 0.9105047523844596,
    "fee": 0.0,
    "rsi_key": "rsi39",
    "start_equity": 20000.0,
    "risk_per_trade": 0.0015,
    "risk_stop_atr_mult": 1.0,
    "risk_min_stop_frac": 0.001,
    "daily_loss_limit_pct": 0.03,
    "cooldown_bars": 80,
    "fill_timing": "next_open",
    "bar_priority": "tp_first",
    "session_start": 0,
    "session_end": 24,
    "include_hours_set": "{19, 20, 22}",
    "max_consec_losses": 2,
    "lockout_bars": 180,
    "proba_temp": 1.0,
    "participation_cap": 1.0,
    "price_step": 0.0001,
    "qty_step": 0.0001,
    "min_notional": 5.0,
    "max_notional_pct_equity": 1.0,
    "sides": "long",
    "regime_adapt": true,
    "regime_fast": 50,
    "regime_slow": 200,
    "regime_band": 0.0,
    "round_exits": true,
    "stop_extra_slip": 0.0,
    "regime_overrides": {
      "bull": {
        "strategy": "mean_reversion",
        "bb_std_mult": 2.0169431746748376,
        "rsi_ob": 51,
        "rsi_os": 43,
        "tp_mult": 1.9194251920826044,
        "tsl_mult": 0.6891458682949287,
        "time_stop": 214,
        "use_ema": false,
        "use_adx": true,
        "use_atr": true,
        "rsi_required": false,
        "adx_thresh": 30.312193620918165,
        "atr_min_pct": 0.01765191613765407,
        "atr_max_pct": 0.05817423848665073
      },
      "sideways": {
        "strategy": "breakout",
        "bb_std_mult": 1.5828092896467827,
        "rsi_ob": 58,
        "rsi_os": 19,
        "tp_mult": 2.341879695778944,
        "tsl_mult": 0.651967765830165,
        "time_stop": 235,
        "use_ema": false,
        "use_adx": false,
        "use_atr": false,
        "rsi_required": true,
        "atr_min_pct": 0.015109626219893455,
        "atr_max_pct": 0.13630943049822583
      },
      "bear": {
        "strategy": "breakout",
        "bb_std_mult": 1.2571599337995167,
        "rsi_ob": 70,
        "rsi_os": 52,
        "tp_mult": 1.7149673432024581,
        "tsl_mult": 0.0004102131455224567,
        "time_stop": 122,
        "use_ema": false,
        "use_adx": false,
        "use_atr": false,
        "rsi_required": false,
        "adx_thresh": 31.238766665127454,
        "atr_min_pct": 0.026767463670604112,
        "atr_max_pct": 0.042481859768843486
      }
    },
    "slippage": 0.0,
    "select_top_k": 5,
    "aggregate_params": "median",
    "objective": "multi",
    "wfo_folds": 6,
    "embargo_bars": 150,
    "use_ml": false,
    "ml_thresh": 0.0
  },
  "guardrails": {
    "max_dd_pct_allowed": 0.08,
    "min_trades_lookback": 120,
    "daily_loss_limit_pct": 0.03,
    "cooldown_bars": 80,
    "fill_timing": "next_open",
    "bar_priority": "tp_first",
    "session_hours": [
      0,
      24
    ],
    "include_hours": [
      19,
      20,
      22
    ],
    "consec_loss_lockout": [
      2,
      180
    ],
    "sides": "long"
  },
  "regime": {
    "enabled": true,
    "fast": 50,
    "slow": 200,
    "band": 0.0,
    "overrides": {
      "bull": {
        "strategy": "mean_reversion",
        "bb_std_mult": 2.0169431746748376,
        "rsi_ob": 51,
        "rsi_os": 43,
        "tp_mult": 1.9194251920826044,
        "tsl_mult": 0.6891458682949287,
        "time_stop": 214,
        "use_ema": false,
        "use_adx": true,
        "use_atr": true,
        "rsi_required": false,
        "adx_thresh": 30.312193620918165,
        "atr_min_pct": 0.01765191613765407,
        "atr_max_pct": 0.05817423848665073
      },
      "sideways": {
        "strategy": "breakout",
        "bb_std_mult": 1.5828092896467827,
        "rsi_ob": 58,
        "rsi_os": 19,
        "tp_mult": 2.341879695778944,
        "tsl_mult": 0.651967765830165,
        "time_stop": 235,
        "use_ema": false,
        "use_adx": false,
        "use_atr": false,
        "rsi_required": true,
        "atr_min_pct": 0.015109626219893455,
        "atr_max_pct": 0.13630943049822583
      },
      "bear": {
        "strategy": "breakout",
        "bb_std_mult": 1.2571599337995167,
        "rsi_ob": 70,
        "rsi_os": 52,
        "tp_mult": 1.7149673432024581,
        "tsl_mult": 0.0004102131455224567,
        "time_stop": 122,
        "use_ema": false,
        "use_adx": false,
        "use_atr": false,
        "rsi_required": false,
        "adx_thresh": 31.238766665127454,
        "atr_min_pct": 0.026767463670604112,
        "atr_max_pct": 0.042481859768843486
      }
    }
  },
  "run_config": {
    "trials": 250,
    "n_jobs": 4,
    "seed": 6060,
    "objective": "multi",
    "multi_objective": true,
    "train_frac": 0.7,
    "wfo_folds": 6,
    "embargo_bars": 150,
    "select_top_k": 5,
    "aggregate_params": "median",
    "start_equity": 20000.0,
    "fee": 0.0,
    "fixed_slippage": 0.0,
    "min_slippage": 0.0,
    "fill_timing": "next_open",
    "bar_priority": "tp_first",
    "session_start": 0,
    "session_end": 24,
    "include_hours": "19,20,22",
    "sides": "long",
    "regime_adapt": true,
    "regime_fast": 50,
    "regime_slow": 200,
    "regime_band": 0.0,
    "round_exits": true,
    "stop_extra_slip": 0.0
  },
  "metrics_consistent": {
    "return_pct_train_consistent": 12.42579429721148,
    "return_pct_test_consistent": 2.1876547223764957,
    "suspicious_run": true
  }
}