{
  "created_at": "2025-08-21T15:23:30.634666+00:00",
  "objective": "multi",
  "selection": {
    "dd_cap_pct": 0.03,
    "best_trial": 140,
    "top_k": 5,
    "top_trials": [
      140,
      180,
      158,
      225,
      216
    ]
  },
  "train_bars": 1131000,
  "test_bars": 484544,
  "train_metrics": {
    "pnl": 70.7946490199835,
    "return_pct": 0.0035397324509991446,
    "trades": 299,
    "win_rate": 0.36454849498327757,
    "avg_trade": 0.23677140140462707,
    "avg_trade_pct": 1.2165636610578543e-05,
    "max_drawdown": -342.8826914300189,
    "max_drawdown_pct": -0.01679671358136889,
    "final_equity": 20070.794649019983,
    "wins": 109,
    "losses": 190
  },
  "test_metrics": {
    "pnl": 69.36155122000089,
    "return_pct": 0.0034680775610000936,
    "trades": 109,
    "win_rate": 0.3394495412844037,
    "avg_trade": 0.6363445066055128,
    "avg_trade_pct": 3.2113907594901464e-05,
    "max_drawdown": -186.3415862800066,
    "max_drawdown_pct": -0.009256555304629068,
    "final_equity": 20069.36155122,
    "wins": 37,
    "losses": 72
  },
  "params": {
    "slip_atr_k": 0.00699916087811851,
    "slip_spread_k": 0.7802877247893424,
    "atr_min_pct": 0.012346137665347041,
    "use_spike": false,
    "ema1": 18,
    "use_atr": false,
    "rsi_required": true,
    "edge_cap": 0.4660999421137175,
    "use_sma": false,
    "use_ema": false,
    "tp_mult": 2.0480527430525073,
    "p_std": 56,
    "vol_spike": 0.07784266970148346,
    "rsi_period": 60,
    "p_atr": 27,
    "strategy": "breakout",
    "time_stop": 116,
    "atr_max_pct": 0.1268439391642973,
    "bb_std_mult": 1.4833713755551314,
    "edge_k": 1.8748761652199344,
    "p_sma": 7,
    "ema2": 42,
    "rsi_os": 43,
    "rsi_ob": 73,
    "p_adx": 19,
    "use_adx": false,
    "tsl_mult": 0.9358867347339723,
    "adx_thresh": 9.666568260677789,
    "spread_hl_frac": 0.005668753268354916,
    "fee": 0.0,
    "rsi_key": "rsi60",
    "start_equity": 20000.0,
    "risk_per_trade": 0.0005,
    "risk_stop_atr_mult": 1.0,
    "risk_min_stop_frac": 0.001,
    "daily_loss_limit_pct": 0.015,
    "cooldown_bars": 240,
    "fill_timing": "next_open",
    "bar_priority": "stop_first",
    "session_start": 0,
    "session_end": 24,
    "include_hours_set": "{16}",
    "max_consec_losses": 2,
    "lockout_bars": 360,
    "proba_temp": 1.0,
    "participation_cap": 1.0,
    "price_step": 0.0001,
    "qty_step": 0.0001,
    "min_notional": 5.0,
    "max_notional_pct_equity": 1.0,
    "sides": "short",
    "regime_adapt": true,
    "regime_fast": 50,
    "regime_slow": 200,
    "regime_band": 0.0,
    "round_exits": true,
    "stop_extra_slip": 0.0,
    "regime_overrides": {
      "bull": {
        "strategy": "mean_reversion",
        "bb_std_mult": 2.0169431746748376,
        "rsi_ob": 51,
        "rsi_os": 43,
        "tp_mult": 1.9194251920826044,
        "tsl_mult": 0.6891458682949287,
        "time_stop": 214,
        "use_ema": false,
        "use_adx": true,
        "use_atr": true,
        "rsi_required": false,
        "adx_thresh": 30.312193620918165,
        "atr_min_pct": 0.01765191613765407,
        "atr_max_pct": 0.05817423848665073
      },
      "sideways": {
        "strategy": "breakout",
        "bb_std_mult": 1.5828092896467827,
        "rsi_ob": 58,
        "rsi_os": 19,
        "tp_mult": 2.341879695778944,
        "tsl_mult": 0.651967765830165,
        "time_stop": 235,
        "use_ema": false,
        "use_adx": false,
        "use_atr": false,
        "rsi_required": true,
        "atr_min_pct": 0.015109626219893455,
        "atr_max_pct": 0.13630943049822583
      },
      "bear": {
        "strategy": "breakout",
        "bb_std_mult": 1.2571599337995167,
        "rsi_ob": 70,
        "rsi_os": 52,
        "tp_mult": 1.7149673432024581,
        "tsl_mult": 0.0004102131455224567,
        "time_stop": 122,
        "use_ema": false,
        "use_adx": false,
        "use_atr": false,
        "rsi_required": false,
        "adx_thresh": 31.238766665127454,
        "atr_min_pct": 0.026767463670604112,
        "atr_max_pct": 0.042481859768843486
      }
    },
    "slippage": 0.0006,
    "select_top_k": 5,
    "aggregate_params": "median",
    "objective": "multi",
    "wfo_folds": 8,
    "embargo_bars": 300,
    "use_ml": false,
    "ml_thresh": 0.0
  },
  "guardrails": {
    "max_dd_pct_allowed": 0.03,
    "min_trades_lookback": 150,
    "daily_loss_limit_pct": 0.015,
    "cooldown_bars": 240,
    "fill_timing": "next_open",
    "bar_priority": "stop_first",
    "session_hours": [
      0,
      24
    ],
    "include_hours": [
      16
    ],
    "consec_loss_lockout": [
      2,
      360
    ],
    "sides": "short"
  },
  "regime": {
    "enabled": true,
    "fast": 50,
    "slow": 200,
    "band": 0.0,
    "overrides": {
      "bull": {
        "strategy": "mean_reversion",
        "bb_std_mult": 2.0169431746748376,
        "rsi_ob": 51,
        "rsi_os": 43,
        "tp_mult": 1.9194251920826044,
        "tsl_mult": 0.6891458682949287,
        "time_stop": 214,
        "use_ema": false,
        "use_adx": true,
        "use_atr": true,
        "rsi_required": false,
        "adx_thresh": 30.312193620918165,
        "atr_min_pct": 0.01765191613765407,
        "atr_max_pct": 0.05817423848665073
      },
      "sideways": {
        "strategy": "breakout",
        "bb_std_mult": 1.5828092896467827,
        "rsi_ob": 58,
        "rsi_os": 19,
        "tp_mult": 2.341879695778944,
        "tsl_mult": 0.651967765830165,
        "time_stop": 235,
        "use_ema": false,
        "use_adx": false,
        "use_atr": false,
        "rsi_required": true,
        "atr_min_pct": 0.015109626219893455,
        "atr_max_pct": 0.13630943049822583
      },
      "bear": {
        "strategy": "breakout",
        "bb_std_mult": 1.2571599337995167,
        "rsi_ob": 70,
        "rsi_os": 52,
        "tp_mult": 1.7149673432024581,
        "tsl_mult": 0.0004102131455224567,
        "time_stop": 122,
        "use_ema": false,
        "use_adx": false,
        "use_atr": false,
        "rsi_required": false,
        "adx_thresh": 31.238766665127454,
        "atr_min_pct": 0.026767463670604112,
        "atr_max_pct": 0.042481859768843486
      }
    }
  },
  "run_config": {
    "trials": 300,
    "n_jobs": 4,
    "seed": 7,
    "objective": "multi",
    "multi_objective": true,
    "train_frac": 0.7,
    "wfo_folds": 8,
    "embargo_bars": 300,
    "select_top_k": 5,
    "aggregate_params": "median",
    "start_equity": 20000.0,
    "fee": 0.0,
    "fixed_slippage": 0.0006,
    "min_slippage": 0.0,
    "fill_timing": "next_open",
    "bar_priority": "stop_first",
    "session_start": 0,
    "session_end": 24,
    "include_hours": "16",
    "sides": "short",
    "regime_adapt": false,
    "regime_fast": 50,
    "regime_slow": 200,
    "regime_band": 0.0,
    "round_exits": true,
    "stop_extra_slip": 0.0
  },
  "metrics_consistent": {
    "return_pct_train_consistent": 0.003539732450999175,
    "return_pct_test_consistent": 0.0034680775610000446,
    "suspicious_run": false
  }
}