{
  "created_at": "2025-09-01T07:43:32.977981+00:00",
  "objective": "multi",
  "selection": {
    "dd_cap_pct": 0.3,
    "best_trial": 393,
    "top_k": 1,
    "top_trials": [
      393
    ]
  },
  "train_bars": 1131150,
  "test_bars": 484694,
  "train_metrics": {
    "pnl": 0.0,
    "return_pct": 0.0,
    "trades": 0,
    "win_rate": 0.0,
    "avg_trade": 0.0,
    "avg_trade_pct": 0.0,
    "max_drawdown": 0.0,
    "max_drawdown_pct": 0.0,
    "final_equity": 20000.0,
    "wins": 0,
    "losses": 0
  },
  "test_metrics": {
    "pnl": 0.0,
    "return_pct": 0.0,
    "trades": 0,
    "win_rate": 0.0,
    "avg_trade": 0.0,
    "avg_trade_pct": 0.0,
    "max_drawdown": 0.0,
    "max_drawdown_pct": 0.0,
    "final_equity": 20000.0,
    "wins": 0,
    "losses": 0
  },
  "params": {
    "p_sma": 20,
    "p_std": 52,
    "p_atr": 20,
    "p_adx": 11,
    "rsi_period": 13,
    "ema1": 8,
    "ema2": 13,
    "slip_atr_k": 0.0036387147693520408,
    "slip_spread_k": 0.5757650129868913,
    "spread_hl_frac": 0.03208578783244863,
    "bb_std_mult": 2.4518530619807684,
    "rsi_os": 39,
    "rsi_ob": 76,
    "vol_spike": 0.1962929958374217,
    "adx_thresh": 10.87861637980046,
    "atr_min_pct": 0.02312826790184647,
    "atr_max_pct": 0.062249806280335634,
    "tp_mult": 2.7353200889400644,
    "tsl_mult": 0.8272942140628187,
    "strategy": "mean_reversion",
    "time_stop": 125,
    "use_sma": true,
    "use_atr": true,
    "use_adx": true,
    "use_ema": false,
    "use_spike": true,
    "rsi_required": false,
    "edge_k": 1.6832145205407096,
    "edge_cap": 0.8105612459840716,
    "bull_strategy": "mean_reversion",
    "bull_bb_std_mult": 2.6561981312494725,
    "bull_rsi_os": 52,
    "bull_rsi_ob": 81,
    "bull_adx_thresh": 26.988492295297085,
    "bull_atr_min_pct": 0.018151191123636775,
    "bull_atr_max_pct": 0.10488577338534216,
    "bull_tp_mult": 2.0666705299176606,
    "bull_tsl_mult": 0.9619635086384856,
    "bull_time_stop": 132,
    "bull_use_sma": true,
    "bull_use_ema": false,
    "bull_use_atr": true,
    "bull_use_adx": false,
    "bull_use_spike": true,
    "bull_rsi_required": true,
    "bear_strategy": "breakout",
    "bear_bb_std_mult": 2.1320992833909282,
    "bear_rsi_os": 50,
    "bear_rsi_ob": 73,
    "bear_adx_thresh": 34.57561063306981,
    "bear_atr_min_pct": 0.004015909656460193,
    "bear_atr_max_pct": 0.035840284990994044,
    "bear_tp_mult": 1.8513439195261399,
    "bear_tsl_mult": 0.06210823340308674,
    "bear_time_stop": 10,
    "bear_use_sma": false,
    "bear_use_ema": true,
    "bear_use_atr": true,
    "bear_use_adx": true,
    "bear_use_spike": false,
    "bear_rsi_required": false,
    "sideways_strategy": "breakout",
    "sideways_bb_std_mult": 2.5934616552160845,
    "sideways_rsi_os": 55,
    "sideways_rsi_ob": 61,
    "sideways_adx_thresh": 29.876776957686367,
    "sideways_atr_min_pct": 0.020962876708092545,
    "sideways_atr_max_pct": 0.07957822572520211,
    "sideways_tp_mult": 1.3318052268005633,
    "sideways_tsl_mult": 0.9420579503563573,
    "sideways_time_stop": 283,
    "sideways_use_sma": true,
    "sideways_use_ema": false,
    "sideways_use_atr": true,
    "sideways_use_adx": true,
    "sideways_use_spike": true,
    "sideways_rsi_required": false,
    "fee": 0.0005,
    "rsi_key": "rsi13",
    "start_equity": 20000.0,
    "risk_per_trade": 0.025,
    "risk_stop_atr_mult": 1.0,
    "risk_min_stop_frac": 0.001,
    "daily_loss_limit_pct": 0.1,
    "cooldown_bars": 30,
    "fill_timing": "next_open",
    "bar_priority": "stop_first",
    "session_start": 0,
    "session_end": 24,
    "include_hours_set": "{14, 15, 16, 17, 18, 19, 20, 22}",
    "max_consec_losses": 7,
    "lockout_bars": 100,
    "proba_temp": 1.0,
    "participation_cap": 1.0,
    "price_step": 0.0001,
    "qty_step": 0.0001,
    "min_notional": 5.0,
    "max_notional_pct_equity": 1.0,
    "sides": "long",
    "regime_adapt": true,
    "regime_fast": 50,
    "regime_slow": 200,
    "regime_band": 0.006,
    "round_exits": true,
    "stop_extra_slip": 0.0,
    "regime_overrides": {
      "bull": {
        "allowed_sides": [
          "long",
          "short"
        ],
        "mode": "mean_reversion",
        "bb_std_mult": 2.0169431746748376,
        "tp_mult": 1.9194251920826044,
        "tsl_mult": 0.6891458682949287,
        "time_stop_bars": 214,
        "rsi_required": false,
        "use_adx": true,
        "adx": 18.0,
        "use_atr": true,
        "atr_range": [
          0.0008,
          0.06
        ]
      },
      "sideways": {
        "allowed_sides": [
          "long",
          "short"
        ],
        "mode": "breakout",
        "bb_std_mult": 1.5828092896467827,
        "tp_mult": 2.341879695778944,
        "tsl_mult": 0.651967765830165,
        "time_stop_bars": 235,
        "rsi_required": true,
        "use_adx": true,
        "adx": 15.0,
        "use_atr": true,
        "atr_range": [
          0.001,
          0.14
        ]
      },
      "bear": {
        "allowed_sides": [
          "long",
          "short"
        ],
        "mode": "breakout",
        "bb_std_mult": 1.2571599337995167,
        "tp_mult": 1.7149673432024581,
        "tsl_mult": 0.25,
        "time_stop_bars": 122,
        "rsi_required": true,
        "use_adx": true,
        "adx": 20.0,
        "use_atr": true,
        "atr_range": [
          0.0015,
          0.06
        ]
      }
    },
    "slippage": 0.0004,
    "select_top_k": 1,
    "aggregate_params": "median",
    "objective": "multi",
    "wfo_folds": 6,
    "embargo_bars": 150,
    "use_ml": false,
    "ml_thresh": 0.0
  },
  "guardrails": {
    "max_dd_pct_allowed": 0.3,
    "min_trades_lookback": 120,
    "daily_loss_limit_pct": 0.1,
    "cooldown_bars": 30,
    "fill_timing": "next_open",
    "bar_priority": "stop_first",
    "session_hours": [
      0,
      24
    ],
    "include_hours": [
      14,
      15,
      16,
      17,
      18,
      19,
      20,
      22
    ],
    "consec_loss_lockout": [
      7,
      100
    ],
    "sides": "long"
  },
  "regime": {
    "enabled": true,
    "fast": 50,
    "slow": 200,
    "band": 0.006,
    "overrides": {
      "bull": {
        "allowed_sides": [
          "long",
          "short"
        ],
        "mode": "mean_reversion",
        "bb_std_mult": 2.0169431746748376,
        "tp_mult": 1.9194251920826044,
        "tsl_mult": 0.6891458682949287,
        "time_stop_bars": 214,
        "rsi_required": false,
        "use_adx": true,
        "adx": 18.0,
        "use_atr": true,
        "atr_range": [
          0.0008,
          0.06
        ]
      },
      "sideways": {
        "allowed_sides": [
          "long",
          "short"
        ],
        "mode": "breakout",
        "bb_std_mult": 1.5828092896467827,
        "tp_mult": 2.341879695778944,
        "tsl_mult": 0.651967765830165,
        "time_stop_bars": 235,
        "rsi_required": true,
        "use_adx": true,
        "adx": 15.0,
        "use_atr": true,
        "atr_range": [
          0.001,
          0.14
        ]
      },
      "bear": {
        "allowed_sides": [
          "long",
          "short"
        ],
        "mode": "breakout",
        "bb_std_mult": 1.2571599337995167,
        "tp_mult": 1.7149673432024581,
        "tsl_mult": 0.25,
        "time_stop_bars": 122,
        "rsi_required": true,
        "use_adx": true,
        "adx": 20.0,
        "use_atr": true,
        "atr_range": [
          0.0015,
          0.06
        ]
      }
    }
  },
  "run_config": {
    "trials": 600,
    "n_jobs": 4,
    "seed": 912,
    "objective": "multi",
    "multi_objective": true,
    "train_frac": 0.7,
    "wfo_folds": 6,
    "embargo_bars": 150,
    "select_top_k": 1,
    "aggregate_params": "median",
    "start_equity": 20000.0,
    "fee": 0.0005,
    "fixed_slippage": 0.0004,
    "min_slippage": 0.0,
    "fill_timing": "next_open",
    "bar_priority": "stop_first",
    "session_start": 0,
    "session_end": 24,
    "include_hours": "14,15,16,17,18,19,20,22",
    "sides": "long",
    "regime_adapt": true,
    "regime_fast": 50,
    "regime_slow": 200,
    "regime_band": 0.0,
    "round_exits": true,
    "stop_extra_slip": 0.0
  },
  "metrics_consistent": {
    "return_pct_train_consistent": 0.0,
    "return_pct_test_consistent": 0.0,
    "suspicious_run": false
  }
}