{
  "created_at": "2025-08-21T21:27:11.344515+00:00",
  "objective": "multi",
  "selection": {
    "dd_cap_pct": 0.04,
    "best_trial": 171,
    "top_k": 5,
    "top_trials": [
      171,
      299,
      268,
      265,
      258
    ]
  },
  "train_bars": 1131000,
  "test_bars": 484544,
  "train_metrics": {
    "pnl": 1052.144738400004,
    "return_pct": 0.05260723692000013,
    "trades": 428,
    "win_rate": 0.3364485981308411,
    "avg_trade": 2.4582820990654297,
    "avg_trade_pct": 0.00012013956603672735,
    "max_drawdown": -135.49263170000268,
    "max_drawdown_pct": -0.006499066678194019,
    "final_equity": 21052.144738400002,
    "wins": 144,
    "losses": 284
  },
  "test_metrics": {
    "pnl": 496.4239925999999,
    "return_pct": 0.024821199630000068,
    "trades": 163,
    "win_rate": 0.36809815950920244,
    "avg_trade": 3.045545966871165,
    "avg_trade_pct": 0.00015090233695922022,
    "max_drawdown": -148.74235990000307,
    "max_drawdown_pct": -0.007264741037096945,
    "final_equity": 20496.4239926,
    "wins": 60,
    "losses": 103
  },
  "params": {
    "edge_cap": 0.6536114977564575,
    "rsi_period": 17,
    "rsi_ob": 64,
    "atr_max_pct": 0.09485940671661171,
    "p_std": 50,
    "vol_spike": 0.07215378310712085,
    "slip_atr_k": 0.017606225991728907,
    "rsi_os": 36,
    "time_stop": 270,
    "adx_thresh": 31.76596120475579,
    "ema2": 39,
    "rsi_required": false,
    "p_sma": 11,
    "p_atr": 29,
    "ema1": 10,
    "p_adx": 16,
    "use_spike": false,
    "use_ema": false,
    "use_atr": false,
    "spread_hl_frac": 0.037978610455012086,
    "use_sma": false,
    "bb_std_mult": 1.0434203707971168,
    "tsl_mult": 0.4603053333447777,
    "use_adx": true,
    "atr_min_pct": 0.020438687255130202,
    "edge_k": 1.532796345555166,
    "slip_spread_k": 0.14225936102772174,
    "strategy": "mean_reversion",
    "tp_mult": 1.7534238761944678,
    "fee": 0.0,
    "rsi_key": "rsi17",
    "start_equity": 20000.0,
    "risk_per_trade": 0.001,
    "risk_stop_atr_mult": 1.0,
    "risk_min_stop_frac": 0.001,
    "daily_loss_limit_pct": 0.01,
    "cooldown_bars": 240,
    "fill_timing": "next_open",
    "bar_priority": "stop_first",
    "session_start": 0,
    "session_end": 24,
    "include_hours_set": "{16}",
    "max_consec_losses": 2,
    "lockout_bars": 360,
    "proba_temp": 1.0,
    "participation_cap": 0.1,
    "price_step": 0.0001,
    "qty_step": 0.0001,
    "min_notional": 5.0,
    "max_notional_pct_equity": 0.5,
    "sides": "short",
    "regime_adapt": true,
    "regime_fast": 50,
    "regime_slow": 200,
    "regime_band": 0.0,
    "round_exits": true,
    "stop_extra_slip": 0.0,
    "regime_overrides": {
      "bull": {
        "strategy": "mean_reversion",
        "bb_std_mult": 2.0169431746748376,
        "rsi_ob": 51,
        "rsi_os": 43,
        "tp_mult": 1.9194251920826044,
        "tsl_mult": 0.6891458682949287,
        "time_stop": 214,
        "use_ema": false,
        "use_adx": true,
        "use_atr": true,
        "rsi_required": false,
        "adx_thresh": 30.312193620918165,
        "atr_min_pct": 0.01765191613765407,
        "atr_max_pct": 0.05817423848665073
      },
      "sideways": {
        "strategy": "breakout",
        "bb_std_mult": 1.5828092896467827,
        "rsi_ob": 58,
        "rsi_os": 19,
        "tp_mult": 2.341879695778944,
        "tsl_mult": 0.651967765830165,
        "time_stop": 235,
        "use_ema": false,
        "use_adx": false,
        "use_atr": false,
        "rsi_required": true,
        "atr_min_pct": 0.015109626219893455,
        "atr_max_pct": 0.13630943049822583
      },
      "bear": {
        "strategy": "breakout",
        "bb_std_mult": 1.2571599337995167,
        "rsi_ob": 70,
        "rsi_os": 52,
        "tp_mult": 1.7149673432024581,
        "tsl_mult": 0.0004102131455224567,
        "time_stop": 122,
        "use_ema": false,
        "use_adx": false,
        "use_atr": false,
        "rsi_required": false,
        "adx_thresh": 31.238766665127454,
        "atr_min_pct": 0.026767463670604112,
        "atr_max_pct": 0.042481859768843486
      }
    },
    "slippage": 0.0006,
    "select_top_k": 5,
    "aggregate_params": "median",
    "objective": "multi",
    "wfo_folds": 8,
    "embargo_bars": 300,
    "use_ml": false,
    "ml_thresh": 0.0
  },
  "guardrails": {
    "max_dd_pct_allowed": 0.04,
    "min_trades_lookback": 75,
    "daily_loss_limit_pct": 0.01,
    "cooldown_bars": 240,
    "fill_timing": "next_open",
    "bar_priority": "stop_first",
    "session_hours": [
      0,
      24
    ],
    "include_hours": [
      16
    ],
    "consec_loss_lockout": [
      2,
      360
    ],
    "sides": "short"
  },
  "regime": {
    "enabled": true,
    "fast": 50,
    "slow": 200,
    "band": 0.0,
    "overrides": {
      "bull": {
        "strategy": "mean_reversion",
        "bb_std_mult": 2.0169431746748376,
        "rsi_ob": 51,
        "rsi_os": 43,
        "tp_mult": 1.9194251920826044,
        "tsl_mult": 0.6891458682949287,
        "time_stop": 214,
        "use_ema": false,
        "use_adx": true,
        "use_atr": true,
        "rsi_required": false,
        "adx_thresh": 30.312193620918165,
        "atr_min_pct": 0.01765191613765407,
        "atr_max_pct": 0.05817423848665073
      },
      "sideways": {
        "strategy": "breakout",
        "bb_std_mult": 1.5828092896467827,
        "rsi_ob": 58,
        "rsi_os": 19,
        "tp_mult": 2.341879695778944,
        "tsl_mult": 0.651967765830165,
        "time_stop": 235,
        "use_ema": false,
        "use_adx": false,
        "use_atr": false,
        "rsi_required": true,
        "atr_min_pct": 0.015109626219893455,
        "atr_max_pct": 0.13630943049822583
      },
      "bear": {
        "strategy": "breakout",
        "bb_std_mult": 1.2571599337995167,
        "rsi_ob": 70,
        "rsi_os": 52,
        "tp_mult": 1.7149673432024581,
        "tsl_mult": 0.0004102131455224567,
        "time_stop": 122,
        "use_ema": false,
        "use_adx": false,
        "use_atr": false,
        "rsi_required": false,
        "adx_thresh": 31.238766665127454,
        "atr_min_pct": 0.026767463670604112,
        "atr_max_pct": 0.042481859768843486
      }
    }
  },
  "run_config": {
    "trials": 300,
    "n_jobs": 4,
    "seed": 11,
    "objective": "multi",
    "multi_objective": true,
    "train_frac": 0.7,
    "wfo_folds": 8,
    "embargo_bars": 300,
    "select_top_k": 5,
    "aggregate_params": "median",
    "start_equity": 20000.0,
    "fee": 0.0,
    "fixed_slippage": 0.0006,
    "min_slippage": 0.0,
    "fill_timing": "next_open",
    "bar_priority": "stop_first",
    "session_start": 0,
    "session_end": 24,
    "include_hours": "16",
    "sides": "short",
    "regime_adapt": false,
    "regime_fast": 50,
    "regime_slow": 200,
    "regime_band": 0.0,
    "round_exits": true,
    "stop_extra_slip": 0.0
  },
  "metrics_consistent": {
    "return_pct_train_consistent": 0.052607236920000196,
    "return_pct_test_consistent": 0.024821199629999995,
    "suspicious_run": false
  }
}